channel,inferred_energy_eV,c7c095aa-9950-4d03-b55a-2f2ae6a853e7,fec1170a-04d9-4783-8cea-e3cd30689e49,8dfa26c1-83f3-43ef-88d6-9c988db41e23,bb6672d7-98e9-46cb-9dbd-39c044c4006b,2c3f9c15-638f-4a2f-8e83-041f9143da43,76352836-e61b-4727-9c19-ba3aa9fa7c69,5cf7a9ef-ed11-48c0-9132-8b958c6c4804,df3d77fb-18d1-4675-a88b-9e7f40548b7e,d5febe22-675d-4089-848c-083fd681609e,38e7a37e-1eaa-4e03-8020-85b7b97439b1,177b7557-b93e-4dbe-a4ac-2640012f40b5,2326f7af-733b-46cb-aefd-a5bb64315c29,bed8d217-529f-4273-ab80-e31cdf92ac2f,f83810f1-a4df-4d85-9383-81442e391b29,6755849b-a6f4-4055-a55b-bafc6dcebb07,4c32e7cf-625b-4763-9e6a-011be66cdc53,51a638f8-8771-4b45-a0fd-beff34f30be3,b8799165-6890-4de4-a466-0273c8088740
0,-200,0,0,0,0,0,0,0,0,0,0,0,0,0,0,0,0,0,0
1,-190,0,0,0,0,0,0,0,0,0,0,0,0,0,0,0,0,0,0
2,-180,0,0,0,0,0,0,0,0,0,0,0,0,0,0,0,0,0,0
3,-170,0,0,0,0,1,0,0,0,0,0,0,0,0,0,0,0,0,0
4,-160,0,0,0,0,0,0,0,0,0,0,0,0,0,0,0,0,0,0
5,-150,0,0,0,0,0,0,0,0,0,0,0,0,1,0,0,0,0,0
6,-140,0,0,0,0,1,0,0,0,0,0,0,0,1,0,0,0,0,0
7,-130,0,0,0,0,0,0,0,0,0,0,0,0,0,0,0,0,0,0
8,-120,0,0,0,0,2,0,0,0,0,0,1,0,4,0,0,0,0,0
9,-110,0,0,0,0,4,0,0,0,0,0,7,0,9,0,0,0,0,0
10,-100,0,0,0,0,20,0,0,0,0,0,16,0,32,0,0,0,0,0
11,-90,1,1,0,0,47,0,0,0,0,2,52,0,65,0,0,0,0,0
12,-80,0,2,0,2,116,1,3,1,1,3,111,1,188,0,1,0,2,1
13,-70,3,10,3,7,238,0,10,2,2,15,258,1,403,0,6,0,7,2
14,-60,19,23,19,23,633,2,87,4,29,30,617,1,859,2,35,5,48,4
15,-50,182,65,168,62,1244,6,467,7,170,64,1249,11,1726,5,198,7,285,16
16,-40,1015,129,1024,113,2336,18,1964,21,1042,124,2389,13,3356,14,898,28,1423,27
17,-30,4343,231,4555,263,4127,39,6486,39,4517,246,4213,28,6041,34,3054,50,5430,54
18,-20,13871,426,14022,474,6921,65,16575,92,13970,480,7105,53,9921,54,7759,81,15140,68
19,-10,31051,673,30626,717,10805,90,32154,175,30896,776,10902,88,15544,91,14967,155,31494,142
20,0,50862,1160,50976,1193,16078,149,51798,195,51061,1109,16013,132,22775,134,23775,232,50960,230
21,10,65116,1526,64221,1531,21756,196,68512,338,64866,1510,21814,165,31406,188,32060,322,66917,317
22,20,64190,1864,64094,1904,28069,246,77330,449,64150,2028,28176,249,39837,252,35578,422,71324,391
23,30,46984,2286,46666,2269,33225,259,71028,498,46413,2253,33805,285,48272,267,32564,509,59634,460
24,40,23716,2267,23687,2336,37769,301,51880,543,23441,2335,37682,264,53900,254,23746,550,37668,509
25,50,8454,2341,9187,2238,39469,258,29650,587,8508,2383,39762,271,57559,287,13536,542,17752,520
26,60,2852,2042,3944,2032,39421,270,13641,500,2913,1998,39715,212,57134,293,6479,497,6801,425
27,70,1856,1637,3235,1705,36884,237,6222,430,2010,1673,37351,210,53834,236,3169,432,2962,357
28,80,2203,1274,3816,1360,32963,162,3792,333,2328,1289,32980,157,47787,183,2139,375,2328,275
29,90,2410,882,4143,954,27449,134,3418,236,2616,953,28131,108,40451,111,2039,245,2396,227
30,100,2614,638,4426,710,22290,93,3437,165,2721,577,22816,78,33179,86,2137,164,2456,127
31,110,2666,416,4372,455,17419,55,3385,99,2743,375,17679,55,26466,62,2085,138,2540,99
32,120,2695,318,4447,417,13477,35,3457,73,2766,291,13594,40,20813,41,2026,87,2655,64
33,130,2724,267,4659,353,10591,28,3498,62,2879,255,11077,34,16962,35,2176,78,2625,42
34,140,2868,217,4820,378,8975,37,3716,49,3106,261,9254,27,15380,49,2294,57,2900,40
35,150,3105,240,5265,358,8154,38,4051,34,3395,212,8647,36,15558,54,2530,65,3141,40
36,160,3419,232,5974,422,8129,39,4343,56,3724,225,9040,37,18561,55,2712,89,3455,38
37,170,3768,253,6468,517,8905,40,4660,64,4008,314,10397,42,24484,55,2953,101,3705,59
38,180,4011,251,6951,685,10779,53,4866,52,4013,305,13516,61,35121,81,3298,124,3983,65
39,190,4238,308,7774,944,13487,66,5053,69,4366,325,18076,71,51326,113,3884,192,4232,63
40,200,4534,361,9491,1486,17429,86,5383,86,4621,440,24760,109,73881,213,4976,268,4584,74
41,210,5073,474,13923,2286,22777,117,6073,101,5391,512,33528,186,104477,347,7760,423,5146,101
42,220,6066,531,24813,3476,29317,179,7912,124,6951,684,44412,240,143480,561,14494,649,7024,110
43,230,8820,736,50281,5203,37079,240,10910,138,10330,839,57493,391,187328,848,27990,932,10350,156
44,240,13210,859,99640,7198,44881,328,15958,205,16216,1115,70529,493,234133,1183,52200,1314,16457,183
45,250,20056,1067,174092,9268,51766,332,22316,223,25749,1380,81903,665,277424,1575,82770,1679,25060,224
46,260,26056,1261,247746,10934,57888,416,28123,242,34285,1602,92105,687,312920,1747,111105,1941,32469,271
47,270,28947,1264,280956,11771,61110,457,30059,225,38317,1583,98010,783,333907,1934,123283,2106,35685,286
48,280,25714,1254,251187,11489,61644,484,27351,253,33706,1602,99857,720,337497,1969,111882,2045,31905,275
49,290,18316,1113,174202,10453,59285,441,20549,235,24008,1478,95624,710,323641,1761,82342,1877,23545,246
50,300,11106,946,94397,8820,55153,331,13948,229,14027,1274,86869,575,293902,1432,49961,1606,14562,217
51,310,6530,831,41680,6598,48751,268,8928,157,7781,1054,75967,465,253126,1032,25047,1153,8134,178
52,320,4646,626,15896,4642,40991,196,6457,142,4999,804,63297,337,206809,779,11227,842,5028,136
53,330,4310,484,7432,2992,33798,153,5542,111,4441,624,50382,228,160522,475,4941,579,4295,108
54,340,4637,444,5641,1820,27576,106,5959,94,4540,531,39099,155,118503,270,3121,385,4376,104
55,350,5166,415,5877,1175,22744,72,6638,83,5369,463,29881,99,84461,176,2674,242,4715,57
56,360,5876,445,6552,819,19402,70,7573,122,6310,447,22954,88,57862,93,2838,142,5310,75
57,370,6626,454,7556,699,17513,71,8667,121,7334,508,18725,72,39867,56,3057,103,5791,59
58,380,7239,545,8380,611,17507,83,9954,103,8233,565,16400,79,27641,52,3218,94,6474,95
59,390,7807,548,9060,661,18498,95,10513,134,8874,567,15701,69,20573,31,3436,90,6801,101
60,400,8097,574,9472,661,20944,100,11185,153,9019,613,16847,87,17508,49,3690,101,7155,106
61,410,8603,710,9648,696,24926,101,11596,155,9030,632,19400,81,16746,55,3881,98,7970,117
62,420,9494,800,10560,853,31206,128,12354,191,9365,745,23498,104,17648,52,4439,123,8694,117
63,430,10690,985,11402,971,40085,164,13554,210,10189,894,29762,129,20581,66,4937,174,9681,171
64,440,12522,1372,13091,1348,51217,210,15553,250,11595,1052,38337,179,24798,74,5612,203,11275,178
65,450,15693,1783,16127,1736,65897,313,19111,402,13979,1490,48989,232,29564,101,7003,260,13786,257
66,460,20721,2350,21238,2433,83369,414,26239,514,17813,2077,61335,298,35529,132,9579,383,18057,366
67,470,31473,3315,31119,3101,102758,577,38626,680,25466,2583,75741,418,42975,171,13661,489,26137,433
68,480,49998,4225,48637,4065,121787,737,60256,891,39819,3444,89079,525,49564,237,20529,633,39045,549
69,490,77900,5288,75554,5122,139941,885,91578,1080,61771,4296,103086,705,56357,234,29610,771,57894,641
70,500,112401,6311,108166,6052,154960,1110,126895,1287,87968,4886,113506,779,62374,313,41240,863,79941,781
71,510,142958,6716,137299,6580,164544,1290,157160,1483,111978,5428,120317,899,65687,319,49712,957,97205,918
72,520,154224,7088,149208,6691,166190,1229,169136,1556,121791,5668,122497,948,67817,376,52438,964,103872,901
73,530,140444,6740,136033,6402,161670,1183,155807,1422,111505,5437,119719,896,66765,339,49033,954,95638,858
74,540,108581,6254,105856,6001,149943,1066,126752,1242,87684,4998,111699,775,64681,302,40101,848,76637,820
75,550,74060,5290,73242,4896,133850,899,92145,1166,61608,4200,101594,653,59516,295,30139,735,56084,695
76,560,47099,4294,47538,3998,115759,739,62116,966,41888,3576,87614,516,54273,219,21838,614,39430,595
77,570,31325,3221,32612,3180,96096,545,43305,701,29502,2788,74165,381,48870,202,15936,497,28736,449
78,580,23087,2469,24228,2395,78294,405,31515,529,22848,2113,61122,288,42960,175,12429,423,22471,368
79,590,18116,1884,19172,1725,62656,280,24703,459,18651,1715,50314,237,38167,134,10195,313,18152,286
80,600,14692,1532,15950,1482,51119,224,20951,343,16035,1486,41160,192,34182,117,8742,283,15363,267
81,610,13337,1294,14331,1338,41953,162,18942,316,14568,1300,35045,148,31893,90,7842,231,13820,214
82,620,13192,1201,14246,1180,37001,163,19131,277,14862,1193,31321,146,29885,105,7693,225,13654,207
83,630,14253,1192,15403,1169,33969,158,20943,267,16186,1227,29517,165,30209,94,8270,222,14765,221
84,640,16627,1244,17727,1284,34105,164,23498,309,18692,1289,29924,147,31165,104,9445,266,16801,221
85,650,19526,1385,20585,1402,35118,195,26291,327,21125,1367,31500,174,33477,129,10969,294,19739,222
86,660,22625,1572,23564,1512,38349,206,28848,320,23543,1525,34463,181,36883,124,12577,306,22877,263
87,670,25244,1707,26323,1705,42973,237,31417,340,25145,1624,38234,157,41944,163,13742,323,25201,331
88,680,26697,1951,27930,1886,49186,241,32645,406,26392,1807,43893,252,47246,173,14875,402,26691,346
89,690,28536,2211,29260,2157,57165,310,34597,464,27277,2061,50732,261,54598,209,15906,484,28511,411
90,700,31024,2616,32557,2640,66048,361,38234,527,30054,2357,58738,314,63526,212,17933,574,31873,448
91,710,37067,3225,38263,3001,76436,422,46455,619,35230,2789,68116,372,73549,259,20971,652,37892,570
92,720,46888,3884,47960,3732,88250,476,58286,775,45460,3378,78856,430,84310,305,26554,763,48839,692
93,730,61186,4582,63402,4336,100714,587,74702,900,59140,4080,89867,543,96725,365,34171,922,62678,836
94,740,78667,5176,80546,4937,112557,700,94489,1035,74678,4768,101682,621,109084,443,43365,1055,79821,928
95,750,96748,5997,98516,5598,124383,831,113730,1242,92081,5139,112524,680,121709,541,52151,1202,96518,1100
96,760,110990,6500,112548,6227,136329,811,129103,1345,105875,5865,123119,761,133635,560,59526,1330,110582,1165
97,770,117014,6876,119214,6554,147294,967,136869,1401,112049,6251,133355,807,145227,617,62669,1439,117163,1290
98,780,114707,7329,118092,7098,156688,946,135190,1498,110400,6545,143644,855,155872,626,61792,1469,114362,1340
99,790,105119,7680,108544,7412,166544,969,128462,1666,101955,6897,153380,886,168771,665,58376,1535,107770,1386
100,800,97755,7931,102080,7916,176192,1059,125101,1676,95703,7520,163222,908,178474,744,56673,1604,102979,1502
101,810,101698,8495,107896,8641,183283,1082,133808,1864,102299,8234,170795,1017,188898,820,59764,1802,107617,1573
102,820,122133,9148,129927,8976,190083,1088,160507,1955,125465,8882,178392,1106,197895,852,70111,1837,129058,1706
103,830,154938,9828,164389,9636,193680,1261,195466,2087,160063,9702,182667,1177,202770,918,86542,1925,160734,1828
104,840,187009,10406,198509,10341,194991,1302,229904,2245,194295,10104,183735,1166,204444,922,101325,2113,190198,1814
105,850,199999,10325,214706,10256,189116,1278,245213,2238,209126,10029,179006,1191,199626,985,107645,2085,204358,1934
106,860,189620,9721,203065,9841,179747,1203,232603,1990,198699,9711,170219,1159,190857,919,101695,1883,193680,1763
107,870,156468,8704,167551,8857,164224,1112,194906,1848,163088,8689,156306,1029,174520,793,85131,1800,160432,1653
108,880,112405,7375,121860,7526,145629,999,146124,1623,118424,7288,138712,888,155508,722,64039,1508,117392,1351
109,890,72342,5977,78229,6027,124920,778,97557,1341,75873,5583,118450,730,133070,591,43040,1238,77261,1086
110,900,43247,4406,47360,4320,102984,583,60465,991,45082,4388,97904,520,109998,428,26414,899,46564,793
111,910,24931,3240,27535,3322,82643,417,36327,749,25806,3161,79002,387,87879,319,16048,701,27152,634
112,920,15951,2265,18166,2373,64650,296,22585,488,16330,2242,61721,257,68930,256,9896,466,16925,431
113,930,11868,1611,13974,1623,49036,211,15946,310,11788,1602,47187,186,52483,144,7048,343,12013,272
114,940,10176,1155,11817,1195,37703,160,12917,249,9853,1075,35476,176,40096,126,5805,217,9971,200
115,950,9253,867,10962,976,28697,106,11455,184,9261,775,27771,105,30909,81,5272,191,8854,158
116,960,8860,683,10432,779,22365,102,10448,147,8425,678,21681,74,24383,65,4852,141,8274,101
117,970,8062,568,9710,740,18336,97,9718,101,7738,574,17846,74,19982,80,4567,133,7542,96
118,980,7788,531,9376,626,15852,69,9169,127,7417,520,15327,71,17003,61,4313,104,7413,94
119,990,7436,525,9231,603,14086,81,8858,104,7234,548,13879,67,15310,65,4232,101,7008,93
120,1000,7433,549,9456,593,13128,79,8770,105,7108,488,13263,62,14602,57,4358,92,6797,72
121,1010,7339,497,9647,611,12878,63,8972,118,7206,503,12981,80,13950,63,4305,106,6861,88
122,1020,7513,476,10078,676,12497,75,9135,105,7396,495,12610,88,13943,54,4377,107,6988,93
123,1030,7577,496,10295,637,12343,68,9229,98,7546,481,12826,71,13894,65,4410,131,6926,102
124,1040,7670,529,10557,683,12319,78,9213,98,7632,514,12650,70,13818,72,4641,106,6920,89
125,1050,7884,499,10672,656,12346,70,9375,109,7764,486,12861,93,13715,60,4540,117,7128,100
126,1060,7626,505,10213,628,12397,83,9266,132,7606,509,12921,76,14139,62,4522,127,7069,93
127,1070,7851,548,10138,669,12347,92,9189,114,7572,487,12826,73,14030,63,4554,119,7269,83
128,1080,7911,543,9958,638,12340,83,9021,128,7559,505,12885,82,14176,54,4495,100,7374,94
129,1090,8076,525,9741,650,12382,65,9022,106,7624,508,12847,69,14354,48,4547,111,7282,97
130,1100,8162,544,9902,593,12371,73,9087,100,7568,509,12898,85,14418,55,4633,114,7496,81
131,1110,8214,499,9743,612,12296,66,9182,107,7648,515,12791,80,14500,50,4583,130,7599,78
132,1120,8152,533,10007,638,12589,78,9277,117,7943,491,12891,67,14841,66,4575,111,7646,101
133,1130,8623,519,10222,657,12552,88,9248,104,7880,503,12663,71,14857,57,4714,112,7899,94
134,1140,8572,515,10256,639,12448,74,9461,109,8092,526,13006,73,14933,60,4845,129,7951,80
135,1150,8575,587,10315,685,12753,79,9509,112,8159,544,12996,81,15086,76,4801,116,8187,91
136,1160,8745,571,10381,666,12644,74,9685,109,8398,546,13106,83,15378,77,5058,121,8307,93
137,1170,8765,591,10600,696,13093,80,9868,93,8349,589,13480,81,15863,65,5019,132,8305,90
138,1180,8904,619,10695,674,13083,77,9777,114,8885,669,13623,88,16197,82,5065,110,8293,105
139,1190,8972,618,11077,721,13413,88,9979,136,9298,645,13966,70,16198,57,5152,129,8587,89
140,1200,9302,607,11055,713,13703,88,10279,119,10025,713,14115,91,16586,73,5268,129,8718,111
141,1210,9311,662,11298,703,13886,98,10361,144,11156,753,14326,70,16717,67,5410,123,9054,105
142,1220,9686,610,11680,773,14134,81,10470,145,13202,876,14599,96,17271,59,5417,152,9180,108
143,1230,9689,623,12089,802,14267,101,10896,149,15322,901,14797,78,17236,66,5581,127,9355,111
144,1240,9962,720,12446,837,14625,87,10951,127,17178,1003,15060,85,17831,74,5676,133,9506,108
145,1250,10052,673,12801,794,14829,104,11100,132,18517,1023,15421,99,18193,69,5827,153,9450,127
146,1260,10030,666,13243,828,15026,91,11235,127,18130,976,15726,112,18226,63,5966,123,9833,119
147,1270,10696,674,13328,822,15154,83,11383,131,17214,1027,15945,88,18760,93,6081,157,10160,125
148,1280,10827,735,13393,842,15493,111,11483,125,15767,961,16238,90,19141,77,6282,153,10220,153
149,1290,11293,766,13819,897,15493,93,11743,151,14276,953,16598,103,19527,82,6444,156,11124,143
150,1300,11948,788,14339,954,16171,109,11836,150,12971,893,17050,122,19766,86,6672,156,11541,141
151,1310,12515,803,14722,934,16151,86,11889,136,12468,832,17364,102,20268,82,6990,150,11852,154
152,1320,13200,805,15032,939,16659,108,11989,124,12123,783,17870,115,20577,110,7115,158,12406,161
153,1330,13591,884,15394,968,17267,97,12513,166,11982,837,18197,110,21039,74,7600,169,12801,150
154,1340,13558,877,15890,952,17804,95,12775,147,11950,806,19013,110,21925,99,7470,171,12802,137
155,1350,13739,946,15738,1048,18345,105,13137,165,12529,766,19713,111,23179,99,7455,185,12721,140
156,1360,13582,933,16104,1038,19600,127,13526,137,12344,846,20867,130,24044,92,7618,208,12936,172
157,1370,13571,913,16008,1013,21433,115,13906,178,12351,828,22415,113,26540,93,7481,207,12838,154
158,1380,13509,1031,15886,1113,24210,116,14135,180,12477,859,24404,129,29800,118,7674,176,12734,178
159,1390,13599,1129,15899,1209,27396,130,14898,206,13184,1036,27408,126,34377,117,7604,214,12899,168
160,1400,14258,1333,16408,1348,32331,134,16062,255,13577,1168,31881,166,40316,146,7977,255,13479,204
161,1410,16092,1655,17551,1643,37945,191,18613,307,15193,1506,37375,177,47841,151,8995,273,15021,278
162,1420,19979,1940,21554,1882,45148,225,24353,407,19064,1816,44180,218,57057,234,10902,362,18443,317
163,1430,27498,2457,27531,2316,53164,282,33596,506,26517,2361,51864,288,67505,254,14628,471,24528,397
164,1440,39300,3145,37398,2835,62001,359,48328,689,37692,2838,59343,348,79638,306,20636,566,33682,522
165,1450,55444,3788,51165,3420,70134,389,66836,809,53155,3512,68563,427,90988,417,27684,723,47016,590
166,1460,74396,4532,67439,3893,78788,462,88266,966,71408,4191,75679,474,100452,520,35752,773,61694,660
167,1470,91701,5033,82375,4379,83783,603,107751,1111,88075,4785,80697,521,109521,546,43025,860,75229,776
168,1480,102825,5356,92010,4624,87375,538,119675,1180,98415,5058,83872,562,113394,562,47708,962,83999,757
169,1490,105129,5428,93309,4798,88561,584,120990,1120,100895,5214,84637,587,114661,569,49208,944,84843,792
170,1500,97136,5174,86926,4648,84864,591,112228,1092,92483,4845,82258,584,110951,550,45393,925,78528,800
171,1510,81525,4766,73408,4163,80961,519,95573,995,77733,4380,78140,569,104166,522,38468,869,66926,718
172,1520,63578,4099,57584,3668,74269,471,76052,926,59772,3795,71841,449,95302,429,30952,761,53105,631
173,1530,46881,3462,43595,3113,65758,426,56582,698,44158,3201,63597,400,84527,324,23844,601,39897,556
174,1540,33558,2732,32296,2467,57800,316,41662,597,31383,2595,55367,303,73625,317,17477,537,29243,405
175,1550,24776,2200,24865,1991,49231,260,30475,480,22927,2094,47959,274,62716,216,13287,414,22342,352
176,1560,19173,1781,20310,1694,42100,206,23659,390,18060,1652,41181,192,52711,166,10823,346,17766,292
177,1570,16403,1436,17747,1503,35563,174,19584,309,15483,1299,35093,191,44816,150,9126,285,15069,266
178,1580,14923,1256,16326,1279,30793,136,17263,247,13579,1140,30757,157,38272,129,8297,267,13781,193
179,1590,13985,1124,15825,1161,27139,140,15941,210,12863,992,27933,137,34202,102,7825,233,13021,171
180,1600,13640,1099,15338,1075,24307,149,14989,193,12422,953,26296,114,31137,103,7470,225,12720,177
181,1610,13148,1009,15202,1159,23025,122,14376,171,12075,869,26429,124,29553,109,7535,219,12647,165
182,1620,13556,1060,15666,1137,22155,126,14339,157,12249,895,26653,131,29731,100,7617,223,13002,174
183,1630,14324,1201,16262,1226,22487,113,14054,194,12411,886,29650,153,30378,121,8032,238,13494,200
184,1640,15727,1374,17651,1351,23034,115,14195,213,13262,1000,33068,143,32629,141,8578,230,14827,200
185,1650,18364,1578,20237,1637,24808,137,14982,222,14597,1074,38220,191,35564,126,9754,281,17189,242
186,1660,22500,1852,24620,1905,27311,148,16333,262,17123,1355,44700,236,39084,156,11592,349,20581,288
187,1670,28912,2188,30649,2275,30182,189,19369,299,20662,1455,52371,305,43228,174,14252,367,25290,330
188,1680,37227,2612,38724,2761,33482,195,23892,327,25170,1768,60829,327,47321,202,17070,445,30982,384
189,1690,45863,3224,47809,3089,37935,218,30571,418,30498,2090,70403,419,52318,229,19983,487,37170,462
190,1700,55212,3406,56986,3475,42515,262,40031,459,36266,2313,79090,480,57852,240,22901,539,42396,483
191,1710,62630,3784,66597,3945,47258,296,50265,582,41794,2606,87564,588,61104,304,25497,589,47123,508
192,1720,68151,4193,72713,4320,51204,323,61099,684,46866,2752,94354,639,64786,269,27148,643,50422,589
193,1730,72056,4364,77208,4469,55463,386,70004,729,50538,2931,99544,744,67619,280,28419,655,52245,623
194,1740,72983,4473,78634,4494,57911,371,75254,755,53342,3123,102093,724,69612,312,28922,642,53127,617
195,1750,71881,4456,78296,4481,59947,377,76570,786,53878,3150,101140,656,70017,315,28859,663,53271,573
196,1760,69247,4399,74827,4496,61519,385,73556,786,52911,3162,98901,686,69494,316,28517,649,53120,584
197,1770,64213,3867,69176,4261,60335,374,67394,792,50454,3008,94022,635,68605,309,27290,625,51193,537
198,1780,57868,3769,62465,3884,58869,404,59789,712,46469,2855,87477,596,66207,273,25707,562,48207,529
199,1790,50108,3415,54976,3489,56546,331,51992,597,41861,2751,80266,447,63202,278,23612,593,44231,494
200,1800,43686,2967,47362,3236,53469,358,44937,599,37680,2398,72163,462,59497,275,21152,503,38968,452
201,1810,37354,2640,41092,2788,49673,297,39457,514,33152,2144,63776,404,55805,249,18751,439,35482,421
202,1820,32714,2343,35989,2486,46330,256,34937,460,29587,1956,56505,308,51580,233,17046,446,31005,423
203,1830,28621,1987,31950,2214,42697,269,31767,372,26567,1779,49818,249,47094,206,15175,389,27604,363
204,1840,25654,1888,28584,1929,39373,233,29058,377,24271,1637,43478,247,43685,167,13717,343,24725,311
205,1850,22872,1628,25801,1779,35548,223,26014,297,21749,1440,38989,197,39846,150,12366,303,22138,282
206,1860,20364,1492,22803,1590,33003,199,23507,289,19480,1310,34411,186,36628,147,10984,263,19775,237
207,1870,17686,1285,20225,1405,30306,163,20868,277,17208,1172,30564,154,33474,135,9923,269,17487,200
208,1880,15899,1204,18203,1216,27474,169,18730,181,15455,995,28084,182,31354,146,8861,211,15732,218
209,1890,14431,1079,16897,1167,25782,147,17297,208,14281,957,25529,143,29360,108,8087,211,14181,187
210,1900,13595,996,15662,1096,24169,131,16016,188,13159,988,23851,139,27499,118,7930,223,13718,191
211,1910,13066,986,15347,1035,22762,160,15156,203,12768,846,22505,107,26772,119,7485,198,13006,168
212,1920,12976,927,15156,1032,22014,121,14748,188,12695,852,21684,133,25618,102,7486,183,12769,154
213,1930,12947,891,15177,994,21209,113,14287,169,12470,807,20963,111,25347,125,7515,180,12859,155
214,1940,13078,927,15297,960,20990,138,14222,168,12607,858,20462,135,24865,86,7582,199,13028,152
215,1950,13413,973,15330,1001,20651,107,14466,168,12759,855,20274,126,24802,119,7761,169,13296,171
216,1960,13505,896,15816,972,20677,124,14575,168,12839,806,20371,132,24832,110,7792,213,13459,168
217,1970,13893,987,15994,1015,20750,130,15035,180,13161,883,20347,148,24704,117,7958,201,13792,153
218,1980,14152,919,16168,981,21065,133,15425,181,13442,865,20424,131,24973,119,7840,190,13858,168
219,1990,14434,954,16337,1034,21239,113,15428,163,13890,840,20470,137,25040,95,7976,206,14248,158
220,2000,14389,980,16605,1058,21292,123,15971,166,13984,876,20771,118,25262,117,8229,203,14216,187
221,2010,14684,976,16933,1000,21558,127,16357,183,14218,881,21234,117,25199,125,8103,205,14274,171
222,2020,14622,907,16936,1054,22106,141,16562,195,14399,897,20867,128,25156,115,8067,220,14392,162
223,2030,15053,952,16977,1040,22221,141,16643,180,14206,873,21091,115,25488,114,8260,195,14536,178
224,2040,14618,919,16837,1008,22517,123,16723,210,14169,879,21099,109,25385,133,7975,169,14281,182
225,2050,14477,991,16507,1019,22943,147,16634,188,13970,893,21241,150,25367,109,7945,202,14046,186
226,2060,14136,977,16109,1052,22964,117,16359,178,13748,925,21822,114,25801,114,7775,185,13868,173
227,2070,13883,957,16059,1059,23350,118,16379,177,13681,936,22050,115,26071,127,7777,181,13765,155
228,2080,13383,926,15742,1071,24044,133,16270,192,13535,865,21948,111,26699,98,7863,207,13765,153
229,2090,13561,907,15963,1097,24856,148,16691,195,13851,933,22950,126,27625,114,8053,211,14150,173
230,2100,13367,959,16374,1173,25983,132,17478,204,14466,980,23349,166,28406,118,8523,206,14639,201
231,2110,13507,895,17295,1155,26929,144,18673,216,15139,1064,24274,145,29436,118,9034,230,15524,207
232,2120,13335,899,18514,1171,27708,163,20159,249,16523,1118,25433,139,30692,140,9600,239,16834,212
233,2130,13384,865,19488,1265,29075,168,22676,271,17910,1162,26607,136,31897,133,10461,252,18150,214
234,2140,13310,869,20943,1264,30197,169,24436,275,19784,1226,27382,160,32978,158,11197,285,19631,222
235,2150,13334,878,22231,1301,31276,185,26130,262,20589,1319,27933,187,33787,137,11979,284,21123,235
236,2160,13172,927,22952,1417,32430,188,27640,303,22006,1255,29287,196,35121,163,12398,283,21875,273
237,2170,13301,941,23454,1372,33539,209,27535,288,21959,1361,29553,162,36020,159,12433,299,22056,255
238,2180,13214,954,22760,1423,34033,186,26868,305,21683,1328,30737,183,36831,137,12331,319,21927,259
239,2190,13736,961,22470,1489,34818,213,26308,279,21015,1324,31001,200,37256,148,12239,293,21303,259
240,2200,13962,1000,21609,1475,35588,219,25365,313,19936,1431,31749,177,38558,134,11546,320,20515,281
241,2210,14682,1116,21455,1476,36569,215,24707,299,19722,1309,32860,197,39170,151,11456,305,20240,250
242,2220,15767,1179,21884,1525,37852,203,25016,331,20128,1448,33652,193,41004,153,11635,308,20758,289
243,2230,17571,1284,23392,1640,39724,220,26238,362,20788,1424,35081,197,42489,156,12299,317,21771,284
244,2240,19221,1343,25575,1683,41131,238,28195,333,22275,1499,36535,213,44166,184,13229,344,23200,324
245,2250,22192,1536,28674,1867,43393,279,31363,389,24723,1682,38066,238,45830,207,14661,366,26052,341
246,2260,25143,1699,31625,1916,44998,271,34850,398,27697,1772,39823,232,47839,219,16106,425,29167,349
247,2270,28794,1802,34728,2074,46435,298,38042,418,30264,1792,40848,257,49423,216,17550,425,31492,343
248,2280,31067,1857,37696,2185,47930,287,40407,395,32344,1880,42079,289,50249,213,18796,431,33665,362
249,2290,32939,1922,39194,2364,48500,268,41253,450,33268,1893,42643,288,50801,244,19114,434,34442,393
250,2300,32707,2020,38763,2266,48355,283,40898,408,32775,1845,42414,286,51256,197,18791,413,33962,402
251,2310,31569,1876,37164,2198,47413,324,38963,402,31451,1800,41785,266,50789,234,18153,428,32376,393
252,2320,29280,1852,34468,2157,46112,277,35970,398,28896,1812,40848,251,49071,191,16940,416,30181,318
253,2330,26837,1790,31407,1958,44533,314,32889,375,26213,1715,39371,245,47591,215,15480,380,27338,334
254,2340,24454,1737,28489,1913,42736,248,29972,348,24002,1624,37700,226,45662,204,14311,393,24841,305
255,2350,22320,1605,26383,1750,40794,249,27750,306,22239,1538,36255,185,43876,171,13115,325,22751,320
256,2360,21743,1482,24901,1651,38978,243,26235,338,21005,1401,34742,206,41818,178,12627,278,22242,270
257,2370,21403,1430,24271,1643,37189,233,25793,348,20500,1351,33085,224,40106,168,12168,311,21365,256
258,2380,21542,1391,24142,1617,35717,195,25192,301,20652,1360,31886,195,38556,170,12082,306,21406,253
259,2390,21652,1426,24147,1561,34534,186,25103,265,20520,1343,30676,183,37165,176,11849,275,21401,262
260,2400,21340,1382,23718,1474,32886,172,24543,233,20360,1259,29443,180,35875,138,11374,305,21014,253
261,2410,20892,1299,23199,1479,31887,195,24260,309,19767,1248,28626,183,34618,140,11438,293,20850,268
262,2420,19953,1193,22044,1381,30853,185,23304,252,18829,1212,27913,180,33432,132,10766,280,19565,218
263,2430,19021,1249,20731,1386,29422,173,21996,259,18289,1159,26568,165,32518,149,10430,264,18306,225
264,2440,18089,1183,19987,1250,28459,170,20706,225,17025,1113,26157,161,31355,151,9911,252,17844,228
265,2450,17083,1108,18874,1224,27294,178,19779,223,16271,1075,24960,142,30588,137,9443,234,16872,200
266,2460,16312,1054,18117,1195,26442,162,18466,202,15616,997,24497,132,29639,129,9037,227,15906,203
267,2470,15650,1029,17279,1174,25067,133,18221,193,15148,1016,23367,123,28527,112,8761,247,15377,211
268,2480,15255,1103,16990,1116,24379,173,17710,223,14501,987,22499,150,27698,119,8512,207,14936,192
269,2490,15082,1004,16459,1035,23585,136,17090,217,14205,910,22162,127,27007,115,8182,193,14779,188
270,2500,14803,1000,16106,1068,22973,153,16618,182,13958,965,21883,136,26350,102,8232,213,14478,156
271,2510,14440,962,15865,1010,22673,121,16575,210,13627,890,21434,130,25523,118,8113,211,14243,186
272,2520,14497,953,15895,984,22071,127,16180,188,13373,908,20718,135,25185,101,8019,174,13803,159
273,2530,14126,935,15365,1019,21743,125,15885,199,13751,860,20512,129,25209,111,7853,205,13701,170
274,2540,13934,885,15214,958,21259,122,15484,190,13460,860,20324,122,24762,110,7714,192,13552,169
275,2550,13645,929,15239,943,21181,154,15508,169,13275,883,20404,105,24676,103,7620,191,13276,183
276,2560,13634,939,15070,946,20845,120,15531,170,13102,881,19977,112,24187,100,7596,188,13193,187
277,2570,13632,890,15125,977,20597,126,15309,172,12846,828,19896,99,24083,91,7512,180,13017,134
278,2580,13530,886,15128,1001,20417,96,15297,178,12866,838,19845,108,23932,93,7479,197,12799,149
279,2590,13324,912,15187,946,20357,113,15236,180,12975,817,19682,120,23834,101,7477,176,12923,151
280,2600,13174,926,14968,976,20358,139,15256,153,12709,837,19607,123,24020,90,7561,202,12994,142
281,2610,13343,855,14974,978,20210,105,15355,167,12962,820,19632,129,23644,107,7387,161,12755,181
282,2620,13328,930,15078,912,19861,117,15384,156,13110,818,19537,124,23491,123,7586,165,12986,147
283,2630,13194,915,15172,960,20187,116,15276,174,12961,875,19453,123,23603,92,7397,195,12963,150
284,2640,13227,859,14712,906,20334,119,15157,211,12885,761,19442,128,23716,104,7441,175,12741,159
285,2650,13202,883,14849,950,19742,146,15151,191,12793,870,19240,108,23529,113,7431,194,12793,161
286,2660,13003,833,14609,909,19617,113,14924,189,12710,783,19085,119,23177,103,7416,191,12719,150
287,2670,13120,855,14540,928,19713,101,14787,143,12756,762,19391,108,23213,105,7220,171,12654,174
288,2680,12888,874,14423,887,19570,121,14740,170,12437,796,19015,127,23400,96,7354,162,12686,163
289,2690,12999,853,14365,903,19290,128,14518,218,12398,786,18788,93,22752,114,7253,159,12513,136
290,2700,13008,861,14342,924,19228,111,14366,154,12416,795,18867,95,22814,103,7168,188,12278,158
291,2710,12647,835,14191,938,19192,111,14488,166,12381,780,18845,100,22857,96,7093,166,12631,141
292,2720,12730,868,14019,973,19438,98,14713,179,12342,776,18701,95,22646,99,6956,161,12254,136
293,2730,12772,842,14079,929,19378,139,14465,164,12626,826,18586,111,22477,101,7066,168,12444,138
294,2740,12658,846,14287,880,19371,107,14503,162,12483,833,18731,109,22657,89,7107,163,12444,141
295,2750,12943,860,14081,923,19001,131,14650,179,12475,836,18586,121,22450,102,6883,188,12253,146
296,2760,12851,870,14297,911,19244,101,14739,176,12310,763,18272,112,22565,114,7022,171,12423,158
297,2770,13081,876,14185,861,19039,119,14755,172,12326,808,18523,92,22526,97,7108,177,12420,138
298,2780,12935,873,13986,889,19131,133,14591,172,12418,772,18548,109,22785,95,7060,164,12420,146
299,2790,12738,849,14081,900,19242,105,14830,170,12484,786,18330,108,22539,94,7095,175,12697,159
300,2800,13057,849,14070,956,19185,118,14606,146,12617,779,18654,113,22484,85,7100,175,12362,162
301,2810,13050,881,14092,882,19027,119,14502,180,12522,762,18423,119,22581,114,7105,164,12366,169
302,2820,12928,892,14262,968,19070,109,14677,172,12264,797,18132,107,22445,107,7036,200,12480,154
303,2830,12931,840,14117,843,19082,128,14351,155,12295,855,18442,115,22529,111,7056,189,12567,152
304,2840,12644,899,14026,894,18979,95,14474,152,12471,819,18327,102,22529,110,7155,178,12400,153
305,2850,12719,825,14081,893,19068,127,14583,167,12454,739,18161,119,22354,95,7102,190,12428,135
306,2860,12699,861,13860,923,18957,112,14440,167,12449,780,18248,121,22130,82,7026,174,12351,167
307,2870,12673,889,13976,873,18949,110,14309,161,12250,776,18172,108,22480,86,7005,172,12391,138
308,2880,12675,865,13866,885,18793,90,14502,177,12115,786,18129,97,22300,102,6918,167,12285,148
309,2890,12790,840,13634,891,18485,127,14132,168,12255,732,17862,103,22209,80,6808,170,12210,145
310,2900,12570,841,13630,851,18448,118,14225,154,11992,837,17808,90,22171,81,6974,180,11956,166
311,2910,12482,864,13821,813,18597,114,14310,152,12217,810,17954,114,22297,97,7017,186,12113,150
312,2920,12245,833,13618,870,18642,123,14202,168,12276,829,18261,111,22016,81,7000,143,11908,141
313,2930,12538,885,13424,876,18444,114,14060,179,12098,759,18007,134,22046,101,6890,174,12248,163
314,2940,12376,887,13666,865,18491,120,14104,153,12058,786,17743,111,21679,100,6816,148,12205,151
315,2950,12541,856,13614,876,18294,115,14187,167,12017,731,17945,109,21709,90,6919,183,12219,150
316,2960,12426,828,13674,833,18565,123,14058,164,12070,757,18017,109,21899,83,7075,173,11839,155
317,2970,12594,842,13532,882,18304,117,13989,170,12177,751,17800,113,21845,91,6902,162,12079,137
318,2980,12811,839,13450,847,18318,111,14142,159,11982,737,17986,107,22133,88,6949,171,11903,160
319,2990,12661,870,13604,883,18428,102,13946,159,12043,801,17764,89,21647,104,6837,174,12025,146
320,3000,12457,780,13635,855,18116,107,13900,158,12039,767,17763,105,21890,98,6864,177,11894,137
321,3010,12549,830,13441,872,18168,104,14109,166,12072,810,17787,95,21839,75,6869,169,11984,154
322,3020,12493,818,13554,837,18461,112,14013,155,11996,777,17784,100,21668,93,6722,156,12026,137
323,3030,12525,811,13286,865,18183,98,14229,166,11950,769,17775,109,21591,101,6890,171,11939,138
324,3040,12359,815,13484,892,18275,116,13911,175,12043,759,17630,107,21937,86,6826,166,11936,151
325,3050,12353,858,13479,858,18279,92,14289,136,12172,760,17791,106,21647,95,6895,155,11949,150
326,3060,12193,782,13509,868,18246,108,13871,174,12218,752,17689,104,21771,90,6743,173,11904,140
327,3070,12473,806,13365,862,18143,123,13757,191,12114,783,17359,96,21769,92,6934,157,11801,140
328,3080,12253,803,13378,820,18085,109,13770,168,12136,719,17663,105,21648,93,6670,167,12052,183
329,3090,12227,794,13238,857,17840,108,14013,173,11963,825,17617,93,21475,97,6816,183,12003,166
330,3100,12276,809,13554,843,17975,93,13892,161,12046,788,17766,82,21543,93,6649,173,11774,164
331,3110,12333,847,13497,876,18113,113,14007,166,12026,846,17538,115,21644,85,6851,179,11975,125
332,3120,12513,844,13424,892,17729,87,13840,160,12109,804,17617,102,21516,106,6841,155,11745,126
333,3130,12009,837,13315,816,17898,119,13898,160,12149,769,17492,99,21484,85,6728,166,11760,132
334,3140,12450,803,13294,840,17758,122,13681,163,12029,800,17517,95,21419,72,6675,166,11729,138
335,3150,12271,801,13277,877,18041,100,13814,146,12008,779,17399,105,21264,82,6811,133,11897,151
336,3160,12035,841,13238,882,18002,104,13905,158,12191,786,17640,112,21583,87,6667,152,11775,134
337,3170,12244,855,12988,838,17987,94,13938,158,11835,815,17487,106,21567,93,6711,150,11972,152
338,3180,12337,840,13383,859,17772,102,13519,169,11853,800,17478,108,21463,83,6634,139,11799,149
339,3190,12201,813,13387,859,17901,109,13628,186,11895,794,17328,104,21592,107,6613,166,11885,131
340,3200,12458,834,13337,879,17952,95,13503,155,11938,771,17510,115,21388,81,6741,153,11905,145
341,3210,12427,882,13320,884,17983,103,13629,159,11930,719,17248,93,21439,78,6637,155,11869,156
342,3220,12227,760,13132,881,17967,112,13696,142,11915,731,17593,91,21523,108,6673,191,11628,163
343,3230,12126,800,13198,854,17927,119,13773,150,11894,720,17511,130,21439,84,6653,175,11782,144
344,3240,12051,821,13337,813,17739,109,13511,149,11820,734,17210,108,21430,81,6626,172,11725,129
345,3250,11935,823,13418,850,17655,92,13734,126,11860,782,17329,104,21368,101,6653,181,11613,173
346,3260,12019,788,13382,847,17487,111,13542,129,11911,758,17465,108,21374,83,6662,179,11858,156
347,3270,11994,804,13315,837,17746,99,13442,172,11977,751,17133,86,21293,97,6714,140,11652,132
348,3280,12039,834,13261,832,17541,111,13650,164,11815,763,17359,113,21534,89,6827,161,11846,167
349,3290,12250,822,13352,875,17486,126,13549,179,12052,777,17339,99,21247,104,6745,165,11685,155
350,3300,12028,827,13256,837,17697,107,13428,165,11828,721,17161,111,21681,78,6636,157,11690,140
351,3310,12015,750,13227,832,17890,109,13469,149,11849,720,17106,108,21341,97,6841,161,11578,130
352,3320,12115,787,13159,878,17250,108,13567,149,11888,795,17141,124,21689,106,6725,151,11512,143
353,3330,11880,781,13254,835,17499,94,13913,153,11796,771,17225,99,21107,88,6726,165,11651,130
354,3340,11822,823,13150,859,17423,128,13504,164,11809,749,17060,108,21236,75,6775,176,11590,119
355,3350,12233,805,13078,836,17461,100,13446,140,11742,731,17062,84,20806,103,6704,163,11622,159
356,3360,11631,810,13025,863,17462,96,13265,164,11645,772,16896,114,21251,88,6652,184,11714,125
357,3370,12055,803,12937,840,17255,110,13185,148,11860,777,17104,79,20902,80,6528,165,11545,106
358,3380,11987,754,12949,820,17379,95,13231,150,11628,757,16876,103,21139,95,6482,159,11311,158
359,3390,11915,782,12668,769,17521,107,13369,174,11694,781,17111,117,20948,79,6557,182,11494,121
360,3400,11704,812,12732,846,16984,104,13209,147,11784,745,16683,105,20914,80,6545,149,11529,133
361,3410,11789,797,12779,800,17092,113,13236,180,11668,791,16708,92,20840,97,6396,145,11495,153
362,3420,11786,797,12614,843,16915,102,13402,153,11511,706,16849,91,20715,74,6439,162,11318,143
363,3430,11789,819,12653,808,16997,126,13035,145,11644,741,16824,106,20604,86,6445,175,11303,139
364,3440,11905,787,12768,781,16811,101,13332,156,11568,721,16402,96,20884,101,6328,162,11353,149
365,3450,11940,774,12834,829,17015,103,13367,143,11317,730,16824,106,20516,102,6454,158,11394,147
366,3460,11768,805,12839,881,16997,105,13315,165,11559,734,16795,95,20548,92,6385,160,11257,119
367,3470,11760,770,12945,776,16834,104,13067,142,11408,712,16639,92,20437,94,6444,157,11434,136
368,3480,11866,784,12516,791,16792,114,13042,151,11592,697,16614,124,20512,103,6453,173,11302,155
369,3490,11738,828,12586,824,16681,91,13212,160,11738,742,16706,113,20514,88,6496,149,11367,116
370,3500,11639,754,12510,742,17025,103,13205,138,11441,781,16581,97,20869,86,6423,172,11060,130
371,3510,11796,801,12793,849,17050,109,13137,156,11433,750,16403,92,20546,76,6297,160,11089,124
372,3520,11499,778,12489,791,17133,95,13108,138,11272,760,16669,87,20711,82,6262,154,11539,122
373,3530,11479,788,12475,768,17061,90,12988,148,11490,796,16770,81,20658,79,6344,141,11226,121
374,3540,11616,831,12466,820,16964,114,13042,154,11467,741,16758,90,21077,86,6421,142,11223,126
375,3550,11773,759,12728,741,17040,100,13068,137,11587,785,16707,104,21404,96,6201,165,11102,147
376,3560,11426,819,12465,824,17104,107,13138,147,11400,782,17042,105,21928,101,6265,139,11074,133
377,3570,11647,828,12710,854,17413,109,13220,146,11546,745,17121,119,22376,77,6335,189,11351,123
378,3580,11855,791,12791,807,17722,97,13097,163,11754,803,17481,97,23169,88,6439,156,11217,124
379,3590,11783,817,12743,788,18173,108,13423,159,11969,826,17681,108,24266,119,6425,160,11539,131
380,3600,11915,824,13083,889,18589,130,13277,124,11844,767,18264,119,25642,98,6669,183,11393,133
381,3610,11973,813,13658,909,19171,118,13795,160,12171,800,18792,112,27400,116,6559,174,11440,130
382,3620,12464,834,14486,902,19480,102,14128,163,12492,837,19564,119,28771,111,6953,178,11675,147
383,3630,12853,827,14872,942,20054,112,14141,160,13267,856,20286,113,30687,123,7027,177,11830,137
384,3640,13266,892,15595,1044,21055,131,14769,181,13724,919,20757,134,32558,157,7212,199,12380,175
385,3650,13391,870,16413,1043,21388,124,15033,189,14508,894,21460,153,34801,144,7470,227,12620,157
386,3660,13808,943,17364,1066,21923,129,15297,186,14949,956,21963,140,36380,146,7721,188,12997,198
387,3670,14117,918,18155,1132,22092,151,16010,168,15539,994,22307,139,37902,198,7833,194,12926,162
388,3680,14038,947,18310,1104,22455,137,16131,201,15412,957,22579,136,38564,187,7866,196,13202,138
389,3690,14112,980,18700,1145,22421,142,16071,178,16080,967,22863,145,38691,177,7842,190,13199,161
390,3700,13918,953,18471,1165,22032,136,15844,172,15773,983,22318,137,38984,175,7967,197,13040,154
391,3710,13759,882,17995,1160,22270,143,15284,196,15367,981,22401,138,37948,159,7663,195,12857,136
392,3720,13433,903,17039,1137,21434,136,15280,185,14806,918,21918,134,36509,170,7424,211,12674,161
393,3730,13022,848,16172,1046,20834,106,14663,179,14011,914,21328,127,35082,147,7225,163,12225,146
394,3740,12514,879,15402,1019,20318,117,14213,166,13318,928,20552,104,33283,143,6973,158,12021,140
395,3750,12129,824,14439,949,19657,124,13932,160,12688,837,19508,115,30812,136,6707,188,11526,125
396,3760,11848,811,13656,860,19072,117,13532,157,12178,797,18943,102,28889,118,6497,161,11349,165
397,3770,11570,794,13017,877,18274,95,12905,138,11815,779,18266,126,26814,124,6423,148,11052,136
398,3780,11486,742,12485,855,17655,100,12841,181,11408,758,17486,104,25252,112,6184,154,10915,143
399,3790,11449,771,12379,793,17230,88,12512,130,11075,736,17212,103,23834,98,6100,140,10776,121
400,3800,11057,747,12195,768,16970,91,12676,151,11304,705,16683,89,22775,100,6115,135,10854,145
401,3810,11048,762,12087,797,16502,85,12355,152,10945,737,16340,110,21710,83,6064,146,10610,135
402,3820,10888,774,11800,748,16279,86,12497,163,10809,717,15907,101,20712,85,5953,141,10598,122
403,3830,10851,708,11827,729,16070,92,12430,143,10887,652,15889,95,20544,83,6180,162,10481,108
404,3840,10842,745,11808,791,16099,104,12412,141,10878,663,15581,113,19950,84,6016,156,10701,105
405,3850,10889,698,11754,720,15895,101,12391,133,10770,726,15460,92,19565,73,5973,149,10441,119
406,3860,10824,779,11984,740,15648,106,12428,156,10880,671,15538,103,19439,71,6068,140,10559,144
407,3870,10818,716,11825,811,15787,90,12113,172,10933,684,15463,80,19577,79,6055,159,10417,120
408,3880,10940,779,11671,782,15644,103,12238,141,10778,687,15369,120,19496,72,5889,165,10393,126
409,3890,10827,713,11674,728,15745,83,12310,141,10642,676,15478,97,19233,81,5945,142,10449,123
410,3900,10718,670,11691,762,15656,80,12216,156,10804,731,15149,102,19347,74,5775,153,10378,127
411,3910,10817,701,11528,758,15767,89,12323,146,10719,733,15437,93,19746,82,5880,165,10446,130
412,3920,10812,710,11858,801,15701,91,12134,134,10761,709,15683,91,19670,82,5865,147,10242,121
413,3930,10788,770,11826,763,15778,102,11986,157,10854,703,15458,88,19800,92,5797,152,10397,136
414,3940,10850,690,11977,737,15682,90,12239,172,10639,725,15310,80,19938,87,5950,150,10673,111
415,3950,10789,714,11688,743,15743,100,12142,132,10893,741,15728,75,19992,87,5952,147,10466,146
416,3960,10708,693,11935,750,15624,88,12217,148,10882,703,15465,89,20232,92,5948,138,10658,131
417,3970,10868,750,11854,731,15881,90,12206,146,10970,741,15726,82,20530,89,5845,156,10456,116
418,3980,10973,725,11892,753,15783,93,12191,138,11074,681,15463,110,20582,70,5898,143,10606,132
419,3990,10818,740,12003,750,15930,90,12168,142,11105,698,15630,102,20843,97,6029,136,10499,115
420,4000,10961,712,12143,765,15812,98,12137,141,11294,707,15569,96,20561,83,5915,144,10385,120
421,4010,11000,695,11968,735,15896,86,12310,147,11073,701,15629,97,20559,100,5965,142,10489,116
422,4020,10872,713,12037,783,15779,97,12209,134,10928,732,15773,121,20517,100,5999,157,10518,132
423,4030,10810,708,12127,773,15621,85,11995,119,10983,738,15461,98,20711,88,6048,159,10368,132
424,4040,10899,723,11962,758,15673,83,12035,133,10948,697,15573,99,20416,80,5791,147,10452,116
425,4050,10576,717,11666,794,15445,97,11871,139,10824,719,15401,95,20327,90,5750,115,10441,127
426,4060,10677,677,11686,735,15475,91,11795,148,10641,735,15281,103,19911,88,5789,158,10318,128
427,4070,10438,682,11665,724,15576,102,11945,121,10703,705,15062,82,19645,85,5766,156,10251,135
428,4080,10458,735,11484,776,15233,89,11832,121,10567,685,15198,86,19457,83,5820,156,10368,111
429,4090,10305,717,11368,729,15150,90,11708,137,10659,675,15031,110,19173,67,5704,121,10255,117
430,4100,10449,710,11239,739,15094,82,11649,152,10313,667,14787,85,18761,99,5695,164,10178,119
431,4110,10191,723,11314,749,14939,96,11398,133,10327,630,14853,80,19037,88,5705,132,10224,122
432,4120,10427,702,11296,719,14847,78,11734,143,10507,696,14697,72,18488,79,5570,144,10268,118
433,4130,10314,680,11061,749,14840,91,11595,129,10280,655,14644,93,18342,87,5638,148,9921,115
434,4140,10234,657,10966,703,14737,81,11494,136,10203,674,14549,82,18418,77,5672,129,10007,117
435,4150,10213,696,10976,745,14975,84,11688,139,10215,712,14438,77,18109,89,5670,133,9968,124
436,4160,10081,694,11029,731,14801,97,11520,128,10260,701,14678,80,18005,77,5644,125,10025,114
437,4170,10332,667,11153,684,14572,90,11411,151,10310,638,14348,96,17987,80,5549,160,9784,126
438,4180,10275,702,11058,706,14806,85,11546,142,10212,625,14454,74,17852,81,5725,150,9988,121
439,4190,10369,683,11091,716,14607,87,11365,119,10355,697,14544,88,17866,69,5510,143,9782,100
440,4200,10011,674,10946,750,14503,78,11574,144,10177,620,14090,94,17812,75,5592,147,9823,121
441,4210,10367,708,11023,713,14543,99,11456,143,10193,704,14332,90,17779,64,5507,123,10030,109
442,4220,10157,698,11034,706,14475,102,11296,143,10083,645,14197,79,17506,78,5538,128,9738,116
443,4230,10135,668,10803,694,14429,91,11465,141,10152,601,14006,86,17651,80,5523,143,9964,118
444,4240,10217,645,11088,705,14690,96,11281,116,10095,652,14115,78,17502,99,5488,139,9662,110
445,4250,10033,695,10781,659,14808,87,11173,145,10181,665,14179,89,17481,70,5416,133,9701,106
446,4260,10151,669,10755,712,14376,70,11349,116,9989,654,14075,80,17653,64,5500,137,9739,109
447,4270,9933,673,10781,650,14368,78,11203,151,9887,664,14318,87,17626,75,5525,134,9707,128
448,4280,9928,646,11032,656,14300,84,11387,123,10124,644,13909,76,17344,77,5377,123,9820,115
449,4290,10039,628,10785,694,14434,103,11377,127,9985,683,14095,77,17139,73,5233,143,9733,113
450,4300,9859,648,10827,739,14180,84,11221,135,10128,657,14072,89,17255,82,5370,140,9714,149
451,4310,9878,686,10623,676,14223,93,11381,124,10023,610,14167,88,17203,87,5374,136,9632,118
452,4320,9711,640,10613,692,14590,88,11145,125,9926,599,14038,84,17367,71,5400,136,9635,107
453,4330,9766,657,10696,674,14548,86,11399,125,9947,621,14227,91,17334,77,5343,132,9581,122
454,4340,9858,652,10728,717,14913,97,11210,134,9864,629,14423,80,17355,67,5374,124,9570,113
455,4350,10041,671,10534,644,15186,93,11086,127,9935,617,14687,82,17179,69,5405,142,9546,117
456,4360,9911,643,10783,768,15732,88,10938,143,10095,649,15080,80,17021,77,5417,140,9522,121
457,4370,10027,717,10886,724,16657,109,11394,125,10335,664,15688,80,17293,79,5296,121,9676,124
458,4380,10155,682,11037,814,17686,101,11690,155,10182,690,16161,95,17144,96,5256,138,9893,111
459,4390,10507,708,11266,806,19300,89,12095,154,10678,748,17306,113,16999,64,5313,120,9952,104
460,4400,10780,787,11967,808,20868,91,12791,161,11271,764,18238,110,16994,59,5360,120,10484,144
461,4410,11459,865,12832,891,22760,136,13961,157,12074,865,20287,105,17070,63,5301,156,10660,152
462,4420,12363,923,13969,976,25731,146,15076,185,13260,892,21950,121,17096,63,5332,119,11357,162
463,4430,13921,996,15606,1105,28491,159,17309,209,14853,1039,23647,148,17318,72,5255,144,12479,131
464,4440,15421,1106,17502,1231,31698,202,19408,244,17036,1158,26061,151,17033,82,5489,118,13742,164
465,4450,17124,1214,19953,1318,35502,209,22454,271,19416,1331,28338,154,16911,62,5350,132,14916,195
466,4460,19202,1296,22572,1430,38801,239,25546,305,22175,1485,31135,181,17084,73,5365,135,16543,194
467,4470,21203,1411,25477,1584,41804,268,28555,312,24522,1505,33085,215,17061,59,5540,131,17976,213
468,4480,23580,1484,27739,1667,44755,280,31550,369,27296,1772,34814,183,17236,67,5395,126,19405,217
469,4490,24729,1532,29616,1807,46378,323,33695,362,29319,1711,36796,240,17470,64,5304,132,20734,235
470,4500,25701,1633,31440,1887,48186,308,35175,373,30131,1844,37069,253,16997,74,5438,151,21237,215
471,4510,25969,1635,31188,1749,48524,308,35405,367,30385,1817,37273,238,17043,70,5335,119,21553,260
472,4520,25821,1584,30443,1870,47285,308,34799,392,29949,1765,36699,224,16846,75,5415,138,21219,223
473,4530,24106,1484,29009,1729,46176,315,32891,355,28494,1732,35849,229,16860,71,5279,135,20268,247
474,4540,22613,1441,27062,1635,43728,285,30589,336,26513,1584,34414,206,16878,85,5259,136,18950,216
475,4550,20698,1416,24291,1598,40720,296,27412,289,23329,1501,32602,189,16825,66,5164,135,17414,205
476,4560,18568,1223,21426,1378,37462,230,24189,277,20986,1364,29508,177,16479,78,5164,134,15914,185
477,4570,16305,1138,19047,1292,34080,194,21389,268,18546,1229,27365,151,16811,66,5151,130,14419,174
478,4580,14441,1026,16524,1099,30981,188,18430,225,16091,1134,24841,128,16734,70,5153,118,12909,162
479,4590,12783,903,14641,983,27523,155,16457,209,14147,1010,22472,122,16563,50,5191,144,11700,159
480,4600,11706,870,13197,884,24264,123,14236,221,12539,903,20698,118,16430,74,5129,119,10883,137
481,4610,10918,796,11862,830,21586,140,12977,161,11350,797,18857,110,16363,77,5196,120,10262,131
482,4620,10190,776,11271,743,19552,109,12094,164,10502,742,17306,94,16038,74,4982,136,9599,109
483,4630,9802,687,10677,702,18035,114,11396,130,10189,728,16289,90,16205,68,5069,141,9289,114
484,4640,9596,663,10113,703,16340,99,11041,131,9775,727,15184,111,16170,95,5091,130,9281,133
485,4650,9502,626,10262,686,15311,72,10555,146,9583,698,14481,74,16126,79,5057,126,9128,102
486,4660,9243,632,9941,658,14712,73,10467,130,9420,636,13766,89,16083,61,5019,134,8962,125
487,4670,9103,621,9737,672,14255,88,10397,128,9290,588,13614,80,16105,81,5027,137,8867,99
488,4680,9263,609,9980,627,13724,89,10503,123,9281,629,13257,72,16067,77,5093,149,8896,110
489,4690,9113,636,9813,638,13522,83,10269,132,9350,567,13132,85,15771,63,5074,119,8921,99
490,4700,9134,609,9581,609,13294,63,10361,132,9304,599,13031,75,15873,78,5033,145,8960,110
491,4710,9165,587,9866,656,13303,74,10199,128,9315,568,12818,92,15898,62,4993,129,8881,111
492,4720,8981,622,9846,601,13115,88,10199,126,9253,570,12853,75,15870,58,4957,110,8594,121
493,4730,9026,612,9786,647,12831,89,10181,105,9122,610,12756,85,16031,55,4908,115,8796,99
494,4740,9177,627,9871,654,13133,76,10418,109,9027,627,12880,82,15492,73,4835,106,8662,120
495,4750,9038,587,9714,612,12924,80,10126,131,9194,609,12843,66,15752,83,4916,121,8596,82
496,4760,9199,610,9586,601,13078,74,10242,133,9313,607,12549,64,15730,51,4896,113,8603,107
497,4770,8974,612,9747,643,13130,71,10242,137,9155,639,12736,73,15519,71,4867,126,8552,86
498,4780,9100,639,9681,602,13056,84,10060,133,9171,609,12688,69,15738,63,4946,107,8683,100
499,4790,9028,580,9731,622,12911,72,10101,110,9267,600,12862,63,15774,68,4753,111,8900,116
500,4800,8994,642,9663,651,13363,83,10204,95,9183,617,12879,69,15438,77,4883,135,8755,100
501,4810,8785,619,9826,627,13387,68,10203,127,9190,629,12967,86,15557,60,4794,135,8666,100
502,4820,8980,631,10012,655,13566,100,10202,108,9153,595,13076,78,15644,59,4740,130,8822,115
503,4830,9122,646,9890,620,13892,87,10435,130,9408,596,13234,79,15607,69,4898,122,8883,118
504,4840,9015,613,10111,618,14299,87,10580,124,9600,634,13376,99,15367,68,4754,116,8723,115
505,4850,9305,640,10277,669,14382,89,10932,130,9798,635,13991,76,15231,70,4750,99,8784,102
506,4860,9550,655,10450,685,14964,91,11033,144,10048,664,13716,93,15252,68,4745,115,8957,102
507,4870,9727,658,10896,721,15352,100,11478,129,10351,658,14180,84,15531,62,4775,127,9424,98
508,4880,10037,747,10950,720,15666,95,11890,134,10669,671,14454,83,15306,70,4716,116,9484,118
509,4890,10075,681,11319,730,16125,88,12094,125,10919,676,14946,98,15263,54,4820,123,9512,120
510,4900,10452,680,11538,752,16437,101,12607,150,11167,743,14913,96,15391,69,4661,110,9740,122
511,4910,10827,680,11874,821,16852,90,12497,132,11262,715,15089,95,15179,59,4734,125,9711,137
512,4920,10673,690,11868,723,16674,100,12902,156,11422,734,15359,107,14990,71,4840,111,9922,92
513,4930,10817,673,12016,710,17006,101,13043,146,11538,727,15324,87,15371,64,4790,110,10017,105
514,4940,10809,704,12062,714,16642,99,12845,143,11645,734,15006,97,15169,38,4831,105,9915,89
515,4950,10694,717,11854,692,16288,99,12544,136,11259,775,14964,83,15191,66,4830,119,9909,130
516,4960,10391,701,11493,749,16142,95,12577,148,11034,666,14922,87,15016,76,4740,136,9527,143
517,4970,10049,688,11023,717,15692,82,12101,151,10676,668,14663,95,15053,51,4644,113,9296,116
518,4980,9812,668,10840,677,15418,93,11406,121,10232,687,14235,94,14790,51,4659,120,9223,108
519,4990,9592,673,10551,675,14799,92,11120,105,9922,616,13934,67,14941,74,4765,111,8955,135
520,5000,9262,590,10097,660,14568,86,10601,110,9550,597,13709,83,14914,65,4639,109,8613,106
521,5010,9127,652,9786,628,14107,82,10360,127,9328,623,13303,90,14991,76,4561,127,8599,116
522,5020,8939,614,9618,607,13583,74,10328,146,9015,579,12972,77,14866,59,4552,129,8681,120
523,5030,8761,596,9280,594,13054,67,10011,112,8993,590,12629,74,14801,57,4551,101,8541,100
524,5040,8634,644,9103,644,12726,66,9852,122,8795,591,12369,72,14724,68,4629,102,8334,99
525,5050,8526,530,9218,596,12556,77,9615,109,8551,564,12293,62,14795,60,4588,107,8242,107
526,5060,8497,579,9089,563,12458,77,9648,100,8749,552,12143,64,14987,61,4694,106,8243,99
527,5070,8415,594,9101,569,12548,72,9591,132,8733,566,12051,80,14918,68,4576,96,8215,104
528,5080,8606,535,9072,576,12252,76,9469,134,8510,516,11966,62,14650,86,4605,103,8116,93
529,5090,8462,589,9005,574,12201,76,9550,110,8523,531,11907,63,14633,59,4560,117,8160,103
530,5100,8383,594,8929,546,11944,72,9531,103,8550,529,11841,73,15089,72,4688,98,8172,90
531,5110,8443,555,9168,596,11989,56,9539,117,8623,559,11566,63,14889,69,4621,108,8314,87
532,5120,8465,592,9095,578,12027,80,9468,110,8573,558,11818,56,14840,50,4526,119,8244,112
533,5130,8460,563,9086,595,12074,86,9655,121,8613,580,11767,67,14995,59,4659,86,8096,108
534,5140,8638,532,8999,602,12232,58,9578,97,8520,550,11750,76,14775,62,4650,121,8306,104
535,5150,8608,565,9195,549,12291,78,9473,112,8824,598,11880,61,14889,63,4703,119,8248,87
536,5160,8611,580,9188,545,11974,72,9685,104,8646,554,11683,80,14980,74,4689,125,8243,91
537,5170,8438,581,9113,601,12007,79,9595,99,8715,550,12133,74,14922,62,4711,119,8289,89
538,5180,8464,560,9233,592,12175,79,9755,123,8718,587,11934,70,15074,73,4678,108,8320,107
539,5190,8489,562,9121,579,12310,72,9783,115,8858,590,11979,82,15248,64,4597,109,8267,101
540,5200,8532,624,9076,599,12495,72,9688,94,8797,539,12559,71,15431,67,4702,129,8320,89
541,5210,8546,591,9152,596,12943,91,9594,106,8766,548,12806,89,15778,65,4525,132,8198,100
542,5220,8566,575,9141,590,13360,67,9922,122,8734,550,13288,63,16080,70,4593,109,8294,124
543,5230,8795,614,9353,631,14380,83,9972,138,8922,609,13899,89,17206,67,4653,113,8323,118
544,5240,8945,691,9700,682,15863,80,10164,144,9318,653,15094,83,18275,71,4859,146,8656,99
545,5250,9132,658,9800,693,17795,74,10559,139,9464,656,16507,99,19849,73,4898,150,9065,118
546,5260,9789,761,10378,829,20393,117,11465,130,10405,787,18719,84,22266,80,5238,159,9480,123
547,5270,11012,922,11408,917,24055,133,12806,187,11501,956,21780,114,25801,93,5869,151,10610,170
548,5280,12449,1056,13031,1093,28889,140,14748,206,13132,1184,25898,133,29950,117,6566,210,12166,176
549,5290,15074,1236,15789,1303,35001,202,18056,287,16294,1416,30660,146,35467,136,7930,272,14450,210
550,5300,18516,1571,19352,1519,42732,206,22691,299,20607,1706,37473,193,42383,149,9847,294,17862,273
551,5310,23282,1922,24589,1878,51506,279,28928,375,26616,2085,44902,231,50555,216,12347,350,22262,356
552,5320,30216,2321,31489,2359,62402,333,37369,485,34005,2639,53771,266,60374,235,15737,412,28436,392
553,5330,38768,2919,40373,2888,74550,413,47136,589,43664,3172,62961,382,70754,275,19697,593,36593,516
554,5340,49061,3528,50694,3513,87087,515,60276,739,56220,3878,73977,483,82110,337,25068,745,45973,614
555,5350,60359,4006,62569,4215,100491,608,73774,907,69484,4520,85477,509,94645,387,30509,828,56482,691
556,5360,72510,4811,75215,4831,113038,702,88410,1005,83593,5393,95526,627,105752,502,36663,894,68026,807
557,5370,85096,5471,88231,5245,125317,815,103318,1194,97685,6121,105725,666,116389,513,42042,956,78546,925
558,5380,95877,5938,99920,5797,134848,862,116201,1258,110741,6616,114692,700,126204,592,47550,1131,89149,997
559,5390,104402,6300,108292,6384,142925,927,126985,1324,120423,7070,120930,763,133642,597,51860,1142,95991,1026
560,5400,110176,6679,113651,6529,148446,985,133017,1371,127516,7534,124983,838,138059,608,53963,1211,101836,1083
561,5410,111384,6844,116297,6667,149401,1018,135006,1413,129599,7332,125523,824,138552,640,55166,1176,103420,1098
562,5420,109197,6621,113330,6546,147898,1011,132971,1434,126722,7451,125064,789,137323,647,53825,1223,101464,1123
563,5430,103476,6199,107235,6215,143032,884,126121,1323,119584,7098,120579,737,133267,601,51054,1220,96568,1090
564,5440,94215,5821,98063,5874,134996,910,115000,1280,109042,6572,113706,735,126116,567,47152,1065,87567,966
565,5450,83075,5316,86280,5209,124200,774,101838,1124,96130,5948,105957,643,116940,533,41388,1012,76535,857
566,5460,70611,4674,73778,4696,112449,672,86618,991,81697,5329,95864,595,105219,448,35654,872,66077,772
567,5470,58805,3994,61140,3978,99817,561,71995,853,67114,4550,85061,473,93801,396,29635,740,54517,648
568,5480,47117,3247,49229,3364,86460,462,58006,663,54595,3796,72861,400,81914,345,23919,659,44354,549
569,5490,37281,2779,38426,2712,73765,419,46035,630,42587,3121,63088,318,70208,278,19254,506,35309,453
570,5500,29135,2258,29945,2310,61314,304,35536,491,32719,2515,52922,286,59400,230,15074,407,27122,399
571,5510,22508,1806,23642,1869,51094,277,27837,376,24913,2054,44333,229,50015,176,11649,347,21433,301
572,5520,17210,1504,18325,1497,41506,179,21384,295,19140,1571,36640,192,41828,125,9143,311,16516,253
573,5530,13991,1176,14607,1174,34317,155,16780,248,14903,1344,29978,145,34521,132,7484,230,13238,185
574,5540,11549,985,12346,956,28173,128,13810,210,12137,1011,24834,126,28891,113,6163,174,11030,190
575,5550,9996,783,10569,824,23185,129,11898,154,10514,843,20697,113,24336,73,5418,163,9721,121
576,5560,8981,680,9472,706,19245,108,10470,139,9474,789,17775,84,21409,62,4923,149,8711,130
577,5570,8447,627,9013,593,16339,69,9582,140,8721,645,15576,82,18694,66,4624,129,8166,106
578,5580,8104,579,8492,595,14482,71,9190,102,8261,598,13884,76,16954,84,4347,126,7806,88
579,5590,7878,551,8231,612,13490,70,8703,118,8121,541,12707,77,15805,70,4285,113,7491,90
580,5600,7771,547,8317,580,12335,58,8763,90,7987,556,11926,76,14718,62,4291,106,7500,87
581,5610,7583,535,8394,564,11646,76,8600,100,7943,515,11587,76,14243,53,4123,110,7448,88
582,5620,7713,505,8185,504,11241,50,8708,92,7988,550,11166,74,14031,67,4042,122,7306,86
583,5630,7655,537,8261,497,10883,54,8604,105,7861,494,10948,62,13922,69,4102,93,7462,86
584,5640,7699,487,8345,562,11030,65,8643,76,7913,540,10843,59,13614,68,4195,130,7528,82
585,5650,7687,476,8302,526,11010,54,8736,89,7981,526,10722,61,13507,47,4353,111,7501,89
586,5660,7766,535,8389,519,10899,55,8667,89,8042,482,10698,65,13282,54,4265,96,7443,77
587,5670,7863,523,8312,508,10799,59,8746,131,8050,505,10714,67,13646,58,4248,83,7506,87
588,5680,7942,521,8510,503,10946,49,8605,96,8025,544,10706,62,13494,63,4344,99,7533,83
589,5690,7761,555,8513,542,10940,76,8819,120,8125,559,10660,66,13640,57,4307,97,7491,91
590,5700,7900,493,8492,529,11261,72,9059,96,8165,532,10978,56,13775,57,4286,109,7598,86
591,5710,7773,520,8346,532,11292,57,8995,102,8297,515,10994,68,13755,56,4333,113,7569,88
592,5720,7940,459,8526,534,11603,69,9189,102,8192,570,11194,63,13815,61,4327,100,7604,95
593,5730,8093,550,8657,578,11479,70,8997,123,8464,551,11248,89,14175,70,4335,110,7656,79
594,5740,7946,576,8719,545,11918,65,9304,98,8492,538,11595,66,14145,62,4347,120,7654,89
595,5750,7964,513,8548,606,12233,58,9559,111,8749,550,11910,76,14116,71,4344,128,7655,110
596,5760,8030,553,8859,608,12576,78,9843,109,9154,604,12246,66,14533,57,4439,111,7727,112
597,5770,8240,595,9021,554,13463,63,10156,131,9605,687,12868,61,14985,46,4565,109,7886,99
598,5780,8223,564,9083,624,14199,87,10659,94,10397,724,13493,79,15345,65,4710,123,8092,102
599,5790,8745,606,9601,681,15324,86,11600,145,11744,858,14659,85,15957,57,5052,116,8338,118
600,5800,9165,646,10190,718,16491,106,12865,168,12974,960,15674,86,16632,74,5408,139,8689,114
601,5810,9663,727,11072,767,17779,97,14098,190,14927,1074,16964,88,17526,81,5862,141,9283,117
602,5820,10616,800,12153,846,19793,108,16465,228,16950,1291,18307,100,18974,82,6436,188,9941,131
603,5830,11618,822,13409,926,21796,117,18598,237,19937,1399,20043,105,20116,104,7087,200,10986,139
604,5840,12606,880,14784,1009,23811,137,20995,232,23286,1576,22074,130,21480,77,7913,206,12144,141
605,5850,14091,961,16678,1100,25720,165,23872,268,25953,1755,23977,135,23093,93,8744,230,13377,156
606,5860,15741,1099,18422,1186,28373,182,26764,288,29776,1953,25752,163,25063,105,9456,225,14654,174
607,5870,17040,1191,20217,1232,30447,194,29586,324,32742,2042,27863,166,26733,109,10580,260,16191,159
608,5880,19164,1219,22181,1346,32370,180,31788,354,35395,2232,29171,176,28043,112,11410,281,17992,196
609,5890,20623,1325,23704,1458,34138,208,33802,381,37798,2451,30660,198,29640,140,12177,263,18942,236
610,5900,21878,1425,25368,1548,35235,226,35477,405,39023,2463,31706,212,30943,153,13008,302,20399,233
611,5910,22762,1470,25872,1706,36354,227,36373,383,39808,2389,32344,201,32562,151,13401,273,21077,214
612,5920,23128,1507,26118,1596,36886,256,35899,418,39015,2404,33007,204,32714,127,13690,294,21641,254
613,5930,23685,1415,26314,1674,36699,244,35677,394,38072,2374,32506,183,32575,123,13276,283,21853,227
614,5940,22972,1435,25609,1520,36075,279,33972,379,36171,2215,31979,187,32691,149,13006,303,21999,236
615,5950,22689,1396,24932,1523,34932,224,31964,349,33057,2150,30919,209,31727,134,12468,296,21172,251
616,5960,21388,1350,23246,1481,33538,193,29604,336,30120,1951,29670,198,30675,138,11731,266,20171,240
617,5970,19692,1301,21412,1402,31368,210,27027,318,27040,1758,27928,153,29252,116,10882,258,18732,213
618,5980,18330,1192,19664,1308,29464,176,24301,273,23975,1583,26056,135,27714,136,9808,225,17142,213
619,5990,16417,1071,17648,1128,26664,140,21211,231,20765,1291,24082,138,25999,109,8737,231,15445,183
620,6000,14562,962,15251,991,24520,108,18552,216,17847,1225,22153,157,24211,93,7812,191,13886,190
621,6010,12890,882,14122,905,22133,134,16102,180,15223,1036,20013,121,22229,85,7045,151,12567,166
622,6020,11609,833,12007,796,20108,110,13922,166,13269,915,18094,103,20647,85,6097,154,10997,142
623,6030,10072,704,10873,719,17770,93,12355,168,11387,779,16377,80,18796,84,5419,156,9674,123
624,6040,9267,583,9758,672,15983,88,10955,145,10002,711,14711,81,17312,50,5045,149,8860,129
625,6050,8522,550,8740,584,14653,79,9761,130,9044,595,13561,74,16342,69,4399,154,8058,96
626,6060,7777,582,8211,563,13141,70,8987,124,8176,586,12682,64,14929,53,4234,96,7562,104
627,6070,7352,493,7843,530,12108,48,8461,119,7736,546,11662,74,14065,72,3952,110,7079,97
628,6080,6981,493,7523,515,11285,62,7995,93,7003,480,10804,58,13147,48,3829,92,6935,77
629,6090,6740,478,7215,455,10636,73,7878,114,6889,478,10333,64,12684,46,3733,113,6667,91
630,6100,6657,484,7003,493,10018,59,7539,79,6779,501,10003,48,12334,56,3620,92,6458,83
631,6110,6532,462,6990,447,9721,69,7332,80,6500,430,9677,40,12048,50,3496,94,6594,71
632,6120,6547,435,6991,443,9582,50,7265,92,6665,409,9501,68,11693,59,3600,82,6290,75
633,6130,6558,465,6881,453,9476,58,7314,77,6515,430,9342,57,11636,55,3546,82,6208,66
634,6140,6383,435,6960,425,9120,48,7248,74,6406,425,8990,60,11375,53,3533,81,6229,92
635,6150,6252,441,7043,469,8979,48,7216,97,6583,418,8866,47,11453,46,3526,76,6302,88
636,6160,6411,428,6787,403,8975,58,7051,73,6546,412,9021,47,11286,40,3451,67,6220,84
637,6170,6282,426,6819,391,8955,56,7192,89,6436,387,8983,46,11480,38,3503,87,6091,70
638,6180,6393,416,6842,458,8933,34,7087,81,6417,401,8899,55,11156,45,3520,68,6245,89
639,6190,6353,454,6775,456,8833,58,7156,85,6499,406,8949,61,11162,48,3508,96,6105,80
640,6200,6372,432,6868,442,8968,57,7265,105,6304,400,8855,61,11331,54,3474,83,6165,66
641,6210,6289,405,6758,449,8981,58,7191,67,6446,438,9006,58,11140,37,3555,78,6260,71
642,6220,6338,430,6973,402,8946,61,7302,76,6410,404,8857,52,11315,44,3477,85,6198,67
643,6230,6383,435,7016,434,8867,57,7050,91,6447,433,8915,44,11340,46,3513,89,6155,73
644,6240,6343,432,6805,446,9001,52,7166,80,6375,398,8941,45,11413,62,3426,76,6358,85
645,6250,6380,420,6907,460,8981,47,7220,80,6334,399,8723,51,11287,53,3492,87,6231,84
646,6260,6482,453,6756,434,9049,47,7122,81,6471,401,9009,56,11539,59,3375,80,6212,73
647,6270,6238,453,6855,444,9226,58,7138,88,6585,420,8958,71,11715,40,3491,71,6407,69
648,6280,6514,433,6937,469,9163,63,7292,82,6487,437,9067,51,11899,49,3557,78,6331,87
649,6290,6246,462,6874,421,9188,64,7288,80,6545,468,9269,48,12004,42,3593,94,6177,76
650,6300,6372,422,7089,431,9314,42,7231,89,6600,422,9082,45,12174,76,3641,81,6294,82
651,6310,6432,411,7194,447,9326,54,7352,82,6574,425,9258,66,12434,47,3616,74,6200,71
652,6320,6514,443,7212,449,9347,57,7548,92,6643,415,9354,63,12501,45,3731,93,6352,79
653,6330,6551,426,7306,465,9355,44,7533,105,6746,440,9491,59,13089,42,3800,98,6307,92
654,6340,6655,452,7529,510,9529,63,7607,86,6877,432,9746,70,13218,65,3729,95,6379,61
655,6350,6700,438,7677,486,9867,45,7495,70,7138,439,9703,69,13505,72,3936,84,6365,76
656,6360,6725,455,7909,510,9805,52,7773,97,7122,482,9971,76,13668,79,4034,112,6530,84
657,6370,6776,414,7997,511,10076,48,7853,113,7379,474,10185,61,13897,53,4074,99,6619,72
658,6380,6745,459,8271,481,10141,67,7997,108,7498,487,10250,57,13947,59,4033,93,6534,84
659,6390,6933,467,8099,534,10272,67,8344,99,7434,507,10287,78,13929,64,4136,90,6641,71
660,6400,6749,466,8194,492,10257,56,8494,77,7797,486,10405,60,14011,48,4151,96,6596,92
661,6410,7081,465,8192,479,10566,66,8511,97,7947,536,10467,52,14043,79,4109,96,6654,91
662,6420,6831,471,8388,534,10392,57,8599,92,8173,488,10523,54,13967,62,4305,109,6606,83
663,6430,6902,454,8157,491,10571,55,8653,110,8255,564,10556,62,13759,53,4081,111,6583,78
664,6440,6809,456,8239,517,10476,66,8828,95,8295,586,10325,67,13614,66,4193,87,6599,86
665,6450,6861,456,8094,521,10498,62,8808,92,8440,550,10375,58,13419,66,3991,78,6698,87
666,6460,6864,444,7894,502,10378,75,8946,114,8649,586,10368,58,13201,58,4152,101,6640,80
667,6470,6670,447,7846,498,10355,76,8760,99,8722,556,10297,60,12937,57,4002,104,6832,72
668,6480,6673,473,7577,519,10304,73,8747,111,8625,515,10210,62,12351,62,4069,95,6613,77
669,6490,6746,440,7486,464,10233,70,8873,100,8537,556,9820,57,12482,41,3922,92,6434,95
670,6500,6599,456,7424,490,10081,74,8617,92,8440,556,9972,57,12063,49,3883,116,6452,71
671,6510,6495,448,7245,472,9936,73,8479,118,8219,523,9733,60,11672,51,3748,84,6412,69
672,6520,6522,414,7045,475,9834,59,8133,100,7809,492,9297,55,11460,49,3748,109,6282,69
673,6530,6544,393,7130,465,9761,57,8073,94,7627,520,9393,67,11383,41,3605,97,6100,87
674,6540,6319,479,6794,449,9355,63,7958,88,7265,469,9094,57,11264,57,3660,107,5985,85
675,6550,6259,476,6742,438,9182,63,7579,106,7160,438,8954,52,10922,49,3463,80,5921,73
676,6560,6006,405,6593,424,9100,56,7314,86,7026,461,8971,48,10943,53,3501,88,5890,77
677,6570,6195,435,6523,432,8885,56,7054,81,6538,397,8741,54,10728,49,3375,91,5846,67
678,6580,6255,403,6424,411,8728,71,6927,93,6463,413,8615,39,10792,41,3344,75,5744,77
679,6590,5969,408,6401,399,8546,44,6914,85,6300,407,8676,51,10528,34,3253,77,5880,59
680,6600,5926,401,6323,434,8590,47,6875,91,6102,380,8385,48,10548,57,3284,99,5714,71
681,6610,5924,389,6375,443,8482,46,6644,73,5956,375,8333,70,10383,51,3282,100,5808,73
682,6620,5879,394,6259,381,8581,57,6695,73,5997,360,8310,34,10520,46,3258,78,5833,77
683,6630,5856,400,6285,421,8387,50,6547,72,6011,373,8230,51,10398,41,3235,87,5790,64
684,6640,5816,412,6343,416,8369,54,6524,72,6054,397,8219,50,10296,44,3202,85,5724,62
685,6650,5837,421,6271,462,8198,45,6542,83,5832,406,8278,55,10432,34,2997,82,5619,74
686,6660,5978,389,6265,406,8196,44,6608,79,5902,405,8249,44,10389,50,3139,87,5724,74
687,6670,5824,404,6236,396,8464,50,6791,62,6007,360,8177,48,10390,41,3118,86,5634,63
688,6680,5938,409,6268,381,8452,56,6517,77,5960,374,8317,62,10764,51,3219,85,5764,82
689,6690,5983,434,6411,407,8669,53,6601,73,5927,389,8467,59,10567,46,3152,76,5901,50
690,6700,5820,413,6292,408,8858,39,6627,82,6040,376,8548,58,11069,41,3296,84,5727,60
691,6710,6033,408,6218,432,9208,54,6836,73,6039,429,8900,55,11165,48,3216,75,5839,68
692,6720,6093,421,6491,431,9716,54,6819,79,6130,421,9343,45,11863,50,3337,91,5835,87
693,6730,6204,492,6699,400,10211,53,7007,98,6288,471,9890,54,12744,44,3432,88,6170,86
694,6740,6483,492,6860,524,11058,49,7213,83,6540,470,10873,76,13825,63,3412,98,6384,78
695,6750,6939,518,7258,500,12529,71,7827,105,6834,518,12108,64,15522,52,3852,106,6766,81
696,6760,7624,636,7846,604,14365,77,8705,133,7590,566,13624,75,17519,69,4149,133,7450,110
697,6770,8470,642,8984,659,16670,81,9832,130,8395,627,15743,77,20292,65,4594,125,8253,107
698,6780,10037,817,10368,810,19598,94,11476,178,9806,745,18839,101,23797,94,5446,159,9912,150
699,6790,12040,1000,12132,948,23809,134,13977,205,11927,907,22119,99,28349,118,6506,178,11826,179
700,6800,14817,1199,14888,1212,28192,147,17149,250,14277,1090,26445,128,33700,122,8160,282,14599,197
701,6810,18314,1445,18515,1398,34065,204,21437,267,18111,1392,31722,186,40167,151,10044,306,17988,244
702,6820,23132,1772,23230,1701,40430,229,27078,366,22665,1627,37844,204,47925,203,12418,368,22654,303
703,6830,28773,2155,28681,1997,47674,284,33585,464,28331,2024,44385,270,55519,220,15557,441,28331,367
704,6840,35484,2556,35434,2377,55335,319,41810,522,34726,2379,51401,323,65180,281,19207,482,34996,480
705,6850,43398,3031,43152,2741,64061,382,49843,559,41711,2824,59271,347,74754,360,23334,570,42351,497
706,6860,51419,3572,51114,3182,72106,430,59300,676,50126,3257,66991,463,84605,371,27292,681,50270,612
707,6870,59511,3907,59280,3740,79371,438,68639,733,58005,3678,74251,493,93377,427,31737,769,58451,714
708,6880,67394,4375,66196,3950,87005,587,77546,837,65813,4043,80286,506,101905,459,35769,856,65734,773
709,6890,74193,4569,72935,4481,93092,550,85272,850,72337,4263,85948,571,108816,486,39977,924,71928,855
710,6900,79617,5035,78116,4494,98283,671,91153,963,77274,4494,90772,616,114336,495,41938,947,78182,821
711,6910,83008,5147,81205,4805,101030,645,95446,1021,80808,4661,93027,585,117410,551,43623,1033,80535,865
712,6920,83949,5264,82972,4781,102407,697,96713,1001,81584,4745,93908,634,118687,541,44136,1009,81906,859
713,6930,83504,5085,81339,4795,101118,653,95017,957,80363,4773,92886,576,117673,518,43629,935,80303,875
714,6940,79001,4934,77937,4669,98046,581,91068,975,76616,4537,90280,598,113832,507,42018,1001,76742,862
715,6950,73411,4668,72596,4305,93055,633,84781,981,71843,4279,86004,533,108882,475,39019,881,71336,781
716,6960,66477,4246,65346,3963,87608,511,76624,817,64104,4044,80439,508,102637,426,34931,819,64480,757
717,6970,58466,3800,57770,3643,80398,529,67163,757,56577,3663,73763,483,93390,394,30747,788,56427,660
718,6980,50215,3369,49617,3015,72111,416,57818,624,48891,3035,66845,403,85025,352,26726,622,48933,620
719,6990,41636,2784,41636,2738,64141,414,48540,578,40808,2593,59312,346,75512,306,22348,544,40731,501
720,7000,34714,2479,34079,2269,55594,329,39923,441,33574,2299,51451,316,65890,255,18649,490,33983,416
721,7010,27658,2029,27590,1923,47999,248,32601,439,27374,1898,44757,225,56469,212,14914,397,27331,329
722,7020,22086,1612,22139,1664,40770,212,26169,312,21526,1631,38146,193,47844,194,12173,356,21615,290
723,7030,17702,1387,17881,1286,34284,193,20838,274,17199,1261,32251,178,40626,144,9406,272,17341,255
724,7040,13952,1122,14317,1137,28551,146,16728,240,13847,1066,26544,115,33788,129,7756,222,13944,196
725,7050,11346,915,11854,916,23696,114,13197,171,11290,817,22545,115,28906,97,6329,181,11159,153
726,7060,9519,743,9987,815,19711,90,11049,143,9277,687,19076,78,24222,86,5197,154,9437,118
727,7070,8069,611,8426,655,16770,77,9314,126,7883,614,15922,91,20302,65,4546,142,7938,99
728,7080,7104,579,7785,566,14247,88,8107,110,7173,554,13836,69,17401,58,4032,102,7046,96
729,7090,6794,528,7094,544,12255,72,7566,107,6661,461,11967,66,15358,46,3757,103,6459,82
730,7100,6286,463,6759,458,10922,53,7000,102,6134,437,10839,55,13731,41,3505,96,6156,83
731,7110,6134,460,6583,420,9904,51,6942,71,6059,401,9731,57,12644,46,3277,101,5829,67
732,7120,6014,448,6324,386,9258,59,6549,82,5886,425,9158,32,11764,52,3237,100,5840,75
733,7130,5975,388,6442,374,8933,59,6294,84,5902,379,8730,45,11369,50,3225,87,5683,76
734,7140,5775,426,6258,390,8325,64,6373,59,5910,386,8548,60,10886,54,3132,86,5574,54
735,7150,5925,364,6350,430,8273,47,6339,66,5840,390,8485,59,10627,31,3178,73,5763,64
736,7160,5812,393,6416,396,7915,56,6568,81,5796,377,8113,51,10491,42,3144,79,5832,68
737,7170,5970,434,6350,404,7988,43,6323,75,5881,347,8238,49,10347,30,3242,90,5695,81
738,7180,5908,413,6162,393,7967,39,6427,75,5880,349,8189,72,10462,45,3258,93,5618,78
739,7190,5825,386,6237,416,7902,43,6325,78,5826,367,8283,64,10500,45,3238,75,5711,75
740,7200,5929,386,6151,403,7910,48,6308,73,5720,392,8208,47,10476,53,3151,87,5838,81
741,7210,5790,394,6348,393,8187,40,6448,82,5800,368,8227,32,10428,49,3215,72,5725,71
742,7220,5838,405,6377,439,8400,48,6462,59,5925,378,8461,48,10821,46,3156,68,5763,77
743,7230,5909,406,6310,378,8783,48,6394,100,5925,390,8448,49,10933,39,3327,83,5774,76
744,7240,6065,452,6213,453,9192,59,6638,76,5832,427,9134,51,11474,39,3224,83,5941,77
745,7250,6068,446,6411,414,9830,59,6670,95,6133,398,9661,50,12276,53,3300,82,5894,81
746,7260,6331,451,6600,468,10765,54,7070,90,6270,427,10559,41,13486,47,3335,83,6150,85
747,7270,6526,477,7018,474,11995,60,7381,88,6659,460,12020,59,15075,52,3586,87,6401,98
748,7280,7011,569,7536,582,13683,73,8435,99,7260,528,13670,68,17498,58,3951,132,6935,97
749,7290,8096,642,8752,651,16582,100,9354,121,8137,616,15986,94,20848,75,4581,121,7837,151
750,7300,9394,781,9898,743,20155,85,10904,166,9281,803,19259,91,24945,98,5183,165,9249,148
751,7310,11252,1022,11707,950,24635,126,13472,197,11402,983,23741,112,30590,149,6165,199,11140,157
752,7320,14287,1286,14760,1223,30603,147,16820,272,14130,1163,29283,148,37518,151,7691,258,14208,233
753,7330,18548,1572,18809,1486,37519,218,22015,331,18159,1443,36186,187,46709,183,9937,286,17980,298
754,7340,23472,2047,24024,1870,47006,258,28612,367,23788,1812,45106,247,57675,229,13067,373,23660,334
755,7350,31290,2532,31671,2349,58053,308,37615,529,31075,2435,55390,321,70715,263,16818,502,31076,410
756,7360,40358,3211,40686,3022,70119,392,47800,642,40108,2876,66956,379,85485,327,22128,566,39700,530
757,7370,51236,3967,51890,3719,84378,455,61291,749,50948,3737,80446,447,103484,419,27925,778,50954,681
758,7380,65270,4741,65006,4484,100200,558,76929,936,65233,4571,95340,554,121529,539,34696,1003,64272,806
759,7390,80534,5755,80449,5345,116291,713,94817,1138,80011,5351,110423,654,142523,575,43039,1124,79120,1039
760,7400,96711,6544,97023,6292,133297,862,113446,1349,96151,6229,126957,747,162413,725,51798,1309,95407,1176
761,7410,113627,7648,113538,7021,148897,963,133307,1577,112678,7185,142819,876,182280,819,60137,1508,111185,1355
762,7420,130785,8403,130446,8013,165879,1076,152372,1684,129470,7902,156228,976,201471,898,69093,1610,127855,1505
763,7430,145050,9215,145060,8678,179254,1113,169817,1925,144024,8657,169938,1064,217431,1025,76585,1859,142254,1539
764,7440,157719,10001,158039,9411,189783,1172,184924,2000,156400,9457,180744,1167,230824,1016,82626,1937,154327,1772
765,7450,166581,10451,167143,9777,198375,1287,194734,2151,166145,9803,189021,1225,241901,1129,87859,1928,162945,1824
766,7460,171722,10722,171660,9879,202217,1287,200069,2161,170842,10147,191792,1225,246849,1147,90328,2123,167386,1879
767,7470,171793,10630,172251,9966,203463,1348,200536,2169,170538,9964,192960,1251,248104,1117,90947,2039,167742,1748
768,7480,168155,10303,166853,9798,200641,1350,195862,2048,166133,9825,189788,1193,243042,1114,87345,2047,163351,1868
769,7490,158788,9781,158545,9371,194178,1258,185490,1988,157005,9421,183769,1118,235576,1064,84207,2007,154450,1725
770,7500,146345,9269,145967,8675,183787,1098,171687,1850,144806,8896,174382,1097,223784,1049,76995,1796,143048,1563
771,7510,132487,8380,131267,7939,171474,1054,153785,1616,130527,7829,162892,983,208423,908,69676,1684,128499,1511
772,7520,115639,7443,114950,7173,157058,938,135943,1536,114485,7106,148862,852,190575,805,61182,1516,113408,1402
773,7530,99105,6664,99253,6467,141886,833,116376,1295,98210,6138,133905,759,171702,746,52393,1271,97034,1167
774,7540,82927,5896,82902,5493,125531,666,98372,1177,81882,5603,118159,635,152323,633,44539,1139,81687,1081
775,7550,68359,5066,68398,4783,109299,588,81294,910,67756,4671,103780,547,133316,457,36786,944,67613,878
776,7560,56217,4129,55820,3864,94446,480,66815,820,55377,3831,90096,526,114777,458,30259,820,54830,676
777,7570,45455,3504,45522,3279,80818,401,53968,694,44945,3350,77159,398,98563,352,24609,719,44917,611
778,7580,37366,2947,37519,2758,68674,320,44024,591,36575,2689,65645,313,83697,305,20007,555,36742,482
779,7590,30626,2486,30625,2307,58474,262,36529,478,30388,2298,55868,288,71078,241,16565,490,30258,428
780,7600,26106,2038,26266,1900,50108,247,30546,411,25720,1869,47192,262,60645,208,14253,421,25639,371
781,7610,22413,1771,22545,1627,42959,202,26521,308,22374,1623,40826,205,51635,174,12319,355,22397,304
782,7620,20466,1572,20530,1476,37219,177,24127,319,20088,1453,35102,158,44550,176,10863,264,19870,271
783,7630,18800,1404,18722,1331,32453,175,21694,282,18436,1308,30624,164,38850,151,10054,267,18439,238
784,7640,17445,1182,17492,1160,28883,170,20014,265,17067,1165,27338,147,34835,116,9291,243,17180,222
785,7650,16312,1184,16466,1017,25815,127,18892,196,16001,1054,24231,149,31019,125,8932,199,16025,199
786,7660,15556,1018,15543,983,23554,144,17791,224,15111,934,22147,132,28023,124,8392,216,14981,192
787,7670,14424,956,14494,946,21270,118,16491,169,14134,916,20444,104,25662,112,7786,187,14053,164
788,7680,13390,929,13748,845,19724,99,15123,183,13091,889,18535,100,23382,106,7081,164,12977,146
789,7690,12354,801,12349,793,18066,103,13904,172,12342,748,17066,98,21660,96,6789,155,12028,131
790,7700,11358,735,11399,736,16735,97,12827,155,11030,691,15798,92,19879,88,6093,128,10932,133
791,7710,10282,705,10474,640,14919,70,11657,151,9996,713,14102,90,18311,72,5525,142,9884,122
792,7720,9242,661,9486,590,13678,87,10565,133,9073,592,13247,90,16644,76,5062,122,9390,115
793,7730,8177,558,8653,617,12698,60,9666,106,8365,534,12037,67,15197,64,4529,118,8059,95
794,7740,7468,527,8028,528,11627,66,8735,102,7501,504,11169,47,14150,69,4053,120,7559,97
795,7750,6856,470,7185,469,10734,59,7596,99,6931,437,10320,64,12784,59,3747,94,6704,102
796,7760,6368,442,6688,430,9664,54,7033,92,6315,417,9564,47,12057,59,3429,94,6111,93
797,7770,5868,437,5994,373,9263,46,6692,89,5950,399,8944,54,11088,42,3176,76,5741,60
798,7780,5515,416,5889,418,8606,52,6265,83,5583,386,8290,42,10357,40,3085,93,5274,70
799,7790,5308,382,5642,347,8130,60,5955,76,5417,326,7872,39,9837,28,2824,59,5158,71
800,7800,5024,314,5367,342,7742,38,5678,78,5148,341,7466,45,9484,45,2694,65,5058,63
801,7810,4799,343,5373,313,7350,30,5615,61,5022,353,7316,47,9281,49,2676,62,4992,56
802,7820,4856,321,5334,344,6997,33,5462,58,4919,311,7190,46,8966,36,2665,77,4720,57
803,7830,4696,316,5034,336,6778,46,5410,57,4824,276,6967,37,8624,33,2522,67,4577,46
804,7840,4540,321,5022,303,6720,40,5294,74,4701,348,6517,38,8387,39,2499,70,4676,56
805,7850,4689,326,4896,315,6698,44,5110,45,4579,299,6490,39,8251,34,2475,63,4481,51
806,7860,4651,326,4791,304,6610,32,5193,56,4633,301,6331,37,8191,29,2518,63,4469,48
807,7870,4709,307,4958,308,6397,38,5103,53,4652,291,6333,33,8128,39,2517,68,4513,55
808,7880,4699,328,4906,331,6518,46,5058,64,4496,330,6382,30,8131,29,2616,62,4487,58
809,7890,4411,278,4876,310,6486,43,5207,62,4607,291,6349,31,8154,29,2472,57,4496,47
810,7900,4546,333,4958,296,6504,37,5105,50,4665,317,6422,41,8017,32,2433,50,4507,57
811,7910,4614,310,4884,333,6347,34,5061,66,4702,293,6360,41,7962,35,2448,60,4439,53
812,7920,4705,311,4984,344,6315,38,5017,52,4606,292,6315,44,8196,30,2496,68,4562,60
813,7930,4638,351,4945,353,6420,38,5216,66,4633,318,6555,30,8239,40,2546,64,4471,74
814,7940,4691,342,5016,329,6519,28,5179,58,4686,312,6547,43,8210,34,2501,69,4605,58
815,7950,4748,331,5083,299,6457,37,5099,69,4821,329,6561,44,8294,42,2596,61,4662,66
816,7960,4772,350,5157,355,6455,44,5245,50,4877,318,6644,37,8522,34,2557,83,4732,51
817,7970,4945,357,5304,328,6435,42,5108,52,4809,283,6874,38,8490,40,2601,79,4777,56
818,7980,5098,323,5415,348,6697,33,5233,49,4875,343,7110,48,8880,59,2736,76,4920,53
819,7990,5266,369,5610,366,6539,42,5339,62,4986,351,7216,34,9222,41,2737,61,5051,59
820,8000,5525,382,5758,396,6633,32,5212,63,5191,347,7537,40,9582,34,2925,93,5349,67
821,8010,5689,394,5959,430,6834,50,5396,69,5414,346,7525,49,9924,40,2953,67,5552,67
822,8020,5833,386,6324,398,6750,36,5447,69,5634,385,7889,40,10394,43,3151,79,5542,63
823,8030,6255,435,6467,435,6796,40,5428,75,5859,377,8488,49,10893,46,3319,92,6106,52
824,8040,6747,460,6957,494,6937,38,5397,70,6148,407,8697,39,11387,54,3665,88,6518,89
825,8050,7237,507,7482,530,7072,42,5501,69,6585,421,9168,54,12337,37,3776,92,6836,68
826,8060,7744,528,8109,543,7350,36,5804,64,6916,438,10026,53,12991,47,3995,89,7425,82
827,8070,8367,583,8741,572,7914,43,6000,84,7537,491,10568,65,13874,58,4383,91,8160,107
828,8080,9078,624,9418,613,8070,49,6029,82,7690,501,11107,64,14802,67,4675,103,8583,102
829,8090,9611,729,9864,709,8655,45,6363,82,8436,487,12194,64,16076,73,5061,130,9351,98
830,8100,10509,711,10815,730,9424,45,6738,68,8992,575,12883,75,17192,76,5412,141,9873,134
831,8110,11103,774,11713,716,10401,47,7332,97,9410,616,14039,75,18633,72,5898,154,10936,118
832,8120,12162,806,12320,733,11250,60,8109,95,10254,713,14898,85,20015,89,6296,163,11544,148
833,8130,12940,858,13290,834,12393,90,9034,106,11260,735,16424,95,21660,110,6867,180,12441,142
834,8140,14020,991,14267,946,13929,93,10114,119,12237,820,17391,111,23246,92,7282,231,13320,160
835,8150,15041,1084,15425,1007,15379,82,11688,152,13365,882,18977,122,25102,106,7982,190,14744,167
836,8160,16167,1049,16585,1036,17184,110,13465,165,14671,928,20760,123,26864,126,8650,210,15859,182
837,8170,17701,1177,18019,1183,18958,114,15259,172,16031,975,22345,112,28536,120,9202,232,17099,220
838,8180,18914,1229,19159,1188,21344,121,17298,210,17497,1156,23651,150,30933,119,9987,237,18177,230
839,8190,20342,1397,21107,1335,23284,136,19988,271,19314,1218,25419,159,33256,148,10789,264,19782,237
840,8200,21897,1524,22185,1351,25449,141,21969,259,20934,1357,27232,156,35009,154,11621,293,21459,256
841,8210,23486,1601,23765,1496,27277,172,24051,286,22515,1444,28678,158,36562,165,12237,308,22797,266
842,8220,24634,1554,25115,1490,28742,189,26066,305,23744,1437,29740,192,38548,187,13047,314,24092,280
843,8230,25758,1720,26076,1560,30133,192,27999,313,25072,1551,30737,156,39385,187,13604,329,24982,318
844,8240,26333,1745,26596,1592,31441,179,29141,324,26173,1556,31608,185,40345,194,13890,316,26051,295
845,8250,26477,1636,26782,1615,32140,221,29710,318,26178,1658,31348,202,40279,178,14031,332,26150,336
846,8260,26473,1632,26768,1596,32003,211,30049,339,26366,1688,31346,189,40359,175,14053,363,25990,272
847,8270,25989,1659,26161,1571,31852,176,29452,330,25794,1603,30942,193,39785,183,13619,310,25278,281
848,8280,25133,1674,25444,1522,31227,189,28324,328,24655,1512,30180,184,38187,166,12945,320,24572,269
849,8290,23602,1581,23986,1487,30044,185,26854,282,23422,1451,29489,178,36985,150,12610,340,22954,256
850,8300,21956,1401,22258,1407,28890,171,25145,309,21860,1393,27972,168,35769,154,11570,284,21618,226
851,8310,20245,1385,20359,1308,27533,166,23301,252,20115,1293,26783,138,33639,137,10667,283,19861,242
852,8320,18540,1229,18693,1217,25733,170,21315,258,18613,1165,24583,163,31346,144,9907,221,18203,227
853,8330,16846,1127,17191,1133,23829,157,19020,236,16679,1107,22889,128,28878,142,8937,230,16396,190
854,8340,15248,1074,15637,1024,21979,130,17330,225,15045,1001,21183,110,26899,109,8093,197,14857,160
855,8350,13635,925,13948,885,20304,112,15521,212,13488,923,19517,103,24655,116,7122,201,13551,171
856,8360,12102,841,12694,815,18466,92,14080,155,12425,857,17914,77,22442,100,6493,156,12131,165
857,8370,11274,762,11641,842,17032,89,12589,176,11175,778,16064,95,20422,80,5962,158,11013,155
858,8380,10163,682,10530,673,15416,92,11603,145,10063,650,14816,73,18898,81,5455,159,9953,104
859,8390,9345,624,9676,642,14112,72,10171,126,9250,620,13599,75,17154,78,5079,133,9329,111
860,8400,8675,629,9192,612,13032,67,9697,109,8430,544,12538,64,15741,67,4502,118,8333,96
861,8410,7804,549,8320,543,12137,58,8849,104,7902,518,11539,62,14440,64,4231,100,7833,99
862,8420,7506,479,7674,502,11128,62,8000,102,7198,483,10456,59,13263,67,3980,90,7256,96
863,8430,6805,487,7193,473,10263,60,7415,88,6792,420,9705,54,12035,47,3733,100,6709,77
864,8440,6300,398,6820,397,9342,63,7017,77,6296,424,9149,60,11321,45,3354,84,6131,79
865,8450,5846,416,6316,420,8837,48,6484,96,5713,392,8190,61,10583,57,3162,77,5778,62
866,8460,5489,397,5740,366,8186,49,5994,56,5380,342,7912,41,10122,48,2825,67,5298,76
867,8470,5076,340,5480,348,7660,45,5626,68,5219,312,7485,50,9416,44,2789,66,5030,75
868,8480,4991,313,5073,337,7102,33,5369,54,4725,297,6902,41,8792,43,2590,52,4726,60
869,8490,4564,304,4811,306,6728,36,5039,52,4619,285,6649,31,8202,21,2398,76,4463,49
870,8500,4498,300,4622,347,6370,36,4760,48,4262,277,6305,30,7894,29,2309,53,4214,48
871,8510,4261,249,4486,269,6214,45,4626,44,4301,274,6076,31,7479,29,2285,56,4075,47
872,8520,4061,261,4241,278,5890,33,4470,52,3983,267,5807,44,7291,32,2189,39,3897,46
873,8530,3874,266,4077,261,5705,34,4273,47,3854,238,5627,37,7126,37,2144,53,3776,38
874,8540,3742,262,4078,272,5560,37,4341,37,3825,257,5583,34,6809,23,1999,51,3766,46
875,8550,3671,282,4102,248,5335,33,4176,51,3686,249,5329,23,6743,32,1987,36,3822,52
876,8560,3680,277,4001,270,5303,39,3986,58,3713,238,5186,34,6568,34,2025,60,3630,56
877,8570,3772,262,3862,243,5235,29,4094,44,3777,249,5121,33,6431,33,1972,43,3452,40
878,8580,3729,237,3768,256,5191,36,4012,53,3607,251,5103,29,6419,21,1950,50,3585,43
879,8590,3686,240,3938,267,5079,33,3949,43,3772,260,5028,21,6242,29,1946,39,3613,38
880,8600,3529,227,3925,231,5070,31,3976,47,3659,212,5023,41,6446,31,1999,64,3532,36
881,8610,3608,267,3859,243,5084,17,3935,55,3798,237,4960,31,6207,30,1985,59,3491,34
882,8620,3582,247,3886,225,5060,28,3969,37,3747,223,4974,32,6223,27,1974,31,3503,34
883,8630,3467,261,3796,231,5001,29,4040,47,3769,232,5044,33,6318,31,1995,51,3525,40
884,8640,3622,246,3773,259,5012,40,4075,40,3702,241,4865,25,6205,22,1890,38,3491,41
885,8650,3656,234,3875,249,5053,33,3874,55,3776,228,5067,24,6182,32,1924,42,3504,45
886,8660,3656,263,3940,223,4903,28,4014,45,3708,219,5066,32,6336,36,1935,46,3602,35
887,8670,3689,230,3785,233,5108,29,3996,40,3599,241,4988,37,6147,19,1973,53,3543,42
888,8680,3581,238,3835,248,4990,29,3987,56,3733,247,4933,28,6063,20,1937,44,3483,43
889,8690,3505,262,3919,224,4996,27,3916,44,3670,222,4875,28,6185,29,2033,51,3603,40
890,8700,3612,224,3789,238,4909,37,3951,46,3613,228,4899,18,6198,27,1888,33,3468,38
891,8710,3543,233,3743,230,5002,29,4045,40,3734,228,4863,27,6238,20,1906,56,3540,38
892,8720,3633,253,3870,229,4973,35,4029,34,3557,236,5055,33,6088,35,1968,31,3481,44
893,8730,3597,246,3858,234,4985,21,3884,44,3630,233,4861,30,6179,38,1949,45,3492,59
894,8740,3546,235,3718,254,4810,33,3975,58,3674,228,4892,20,6115,19,1915,45,3535,39
895,8750,3585,226,3888,255,4914,32,4015,49,3609,235,4978,27,6000,29,1931,45,3561,38
896,8760,3581,245,3749,235,4857,27,3985,49,3562,243,4882,31,6055,27,1955,31,3455,35
897,8770,3540,259,3817,214,4882,35,4011,40,3594,220,4924,23,6122,32,1947,44,3528,37
898,8780,3585,231,3807,217,4976,32,3972,41,3656,242,4862,25,6144,21,1883,40,3403,47
899,8790,3460,242,3731,264,4864,29,3907,46,3597,235,4863,30,6169,25,1857,49,3445,52
900,8800,3510,238,3799,249,4984,28,3970,55,3512,229,4885,29,5985,26,1832,49,3494,41
901,8810,3492,250,3675,246,4849,32,3870,49,3567,216,4729,22,6037,23,1885,54,3522,37
902,8820,3338,241,3783,258,4685,27,3945,58,3500,219,4803,26,6137,19,1904,48,3356,36
903,8830,3473,239,3690,228,4955,33,3961,38,3577,267,4889,27,6128,28,1914,39,3578,45
904,8840,3541,234,3668,271,4886,21,3910,49,3544,219,4912,32,6075,27,1882,53,3346,44
905,8850,3549,245,3770,268,4865,28,3756,37,3643,235,4791,24,6137,30,1896,41,3482,40
906,8860,3494,220,3743,212,4777,22,3988,47,3600,212,4745,28,6069,25,1941,43,3356,60
907,8870,3531,234,3760,238,4850,27,3928,50,3698,217,4801,32,5945,25,1888,47,3470,47
908,8880,3456,205,3714,249,4766,28,3887,60,3493,230,4746,31,6112,25,1934,58,3532,41
909,8890,3554,239,3801,251,4730,26,3901,42,3658,220,4831,25,6175,15,1865,40,3434,38
910,8900,3605,220,3778,246,4806,34,4000,54,3654,218,4775,29,5855,30,1923,47,3456,49
911,8910,3596,263,3774,226,4989,34,3827,49,3564,262,4807,43,6037,25,1935,42,3513,51
912,8920,3459,217,3778,239,4860,27,3988,38,3592,224,4815,41,6110,21,1953,47,3435,31
913,8930,3532,227,3740,238,4997,32,3863,51,3598,255,4915,27,6051,25,1958,59,3497,36
914,8940,3559,229,3819,235,4896,28,4048,57,3521,231,4765,26,5968,21,1861,40,3509,38
915,8950,3492,219,3674,265,4778,43,4006,41,3620,215,4886,32,6053,33,1923,47,3304,41
916,8960,3601,233,3814,220,4924,26,3953,47,3587,217,4811,24,5983,14,1898,46,3446,40
917,8970,3621,254,3823,282,4858,20,3946,46,3566,230,4817,36,6054,22,1849,47,3325,43
918,8980,3619,229,3613,236,4809,31,4037,56,3530,233,4671,26,6026,24,1967,34,3498,34
919,8990,3583,233,3692,213,4826,18,3782,46,3731,227,4787,23,6143,19,1902,41,3371,35
920,9000,3499,232,3689,262,4891,22,3927,51,3517,229,4838,30,6089,24,1928,44,3416,39
921,9010,3447,217,3689,242,5013,35,3927,40,3563,221,4759,36,6102,21,1903,49,3414,32
922,9020,3380,212,3610,214,4810,27,3918,51,3566,241,4846,26,5987,23,1853,50,3377,27
923,9030,3482,237,3680,232,4872,28,3865,47,3634,225,4679,27,5867,19,1847,42,3410,32
924,9040,3487,233,3716,224,4791,24,3778,55,3454,231,4778,29,5955,31,1830,67,3445,36
925,9050,3476,228,3782,237,4842,31,3890,54,3480,245,4772,25,5939,19,1843,51,3519,38
926,9060,3523,228,3617,220,4721,30,3771,42,3543,220,4930,36,5920,30,1796,47,3432,38
927,9070,3444,213,3798,196,4712,20,3810,44,3624,225,4875,29,5917,23,1878,49,3397,41
928,9080,3552,223,3589,260,4737,34,3897,53,3526,226,4763,31,6069,25,1824,46,3424,40
929,9090,3411,220,3696,259,4647,18,3815,42,3567,217,4814,19,5927,26,1766,54,3401,40
930,9100,3481,239,3726,222,4788,30,3747,46,3524,207,4759,23,5983,37,1849,41,3473,43
931,9110,3574,205,3755,227,4665,31,3789,34,3626,212,4707,31,6016,27,1919,49,3493,47
932,9120,3620,214,3681,241,4675,27,3793,36,3498,243,4900,29,6142,32,1880,54,3452,41
933,9130,3651,217,3773,226,4655,29,3779,57,3615,223,4932,22,6197,33,1854,45,3568,40
934,9140,3531,229,3769,226,4705,23,3748,41,3615,244,4914,30,6205,26,1943,50,3563,47
935,9150,3657,268,3793,247,4689,21,3934,54,3588,244,4842,33,6285,26,1968,50,3524,44
936,9160,3633,273,3897,258,4667,27,3789,36,3699,211,4969,31,6202,29,2029,52,3501,46
937,9170,3773,261,3955,296,4659,23,3767,57,3785,266,4992,24,6242,20,1994,47,3556,61
938,9180,3741,249,3965,214,4788,32,3736,45,3683,255,4992,33,6353,28,2078,51,3700,35
939,9190,3732,236,3950,229,4753,25,3789,43,3816,225,5219,22,6518,20,2039,56,3846,48
940,9200,3841,265,4008,232,4698,24,3735,46,3872,255,5182,32,6621,31,2048,56,3802,39
941,9210,3822,262,4217,266,4658,32,3796,56,3886,252,5201,22,6793,29,2058,55,3883,46
942,9220,4089,300,4435,269,4735,44,3801,50,3849,231,5187,37,6856,31,2134,56,3980,47
943,9230,4198,286,4508,294,4743,30,3780,52,3926,230,5354,28,6957,19,2226,64,4116,44
944,9240,4328,271,4451,288,4679,19,3764,39,3952,240,5397,32,7062,34,2289,54,4171,40
945,9250,4385,292,4641,294,4534,28,3837,47,4085,251,5632,34,7190,40,2291,60,4202,53
946,9260,4587,299,4782,283,4537,18,3738,48,4191,269,5758,44,7383,29,2410,61,4265,41
947,9270,4767,356,4859,347,4626,37,3791,40,4136,287,5713,12,7459,43,2432,69,4455,50
948,9280,4746,344,4999,329,4682,26,3689,43,4250,283,5774,38,7800,33,2454,56,4593,44
949,9290,4972,335,5128,312,4732,27,3765,48,4488,288,5899,33,7899,36,2596,64,4650,54
950,9300,5030,327,5372,317,4558,31,3751,41,4541,293,6031,38,7911,46,2586,55,4751,54
951,9310,5165,345,5408,326,4542,23,3583,37,4603,284,5913,30,7840,31,2635,62,4880,49
952,9320,5120,329,5392,320,4594,35,3829,44,4514,257,6148,35,8015,36,2622,80,4948,63
953,9330,5135,342,5328,314,4688,17,3595,39,4505,307,6209,36,8017,34,2716,52,4819,53
954,9340,5209,326,5400,303,4439,36,3680,54,4463,294,6080,42,7966,40,2748,65,4905,50
955,9350,5131,340,5236,333,4507,28,3741,40,4512,288,6073,33,7823,35,2531,58,4854,57
956,9360,5049,315,5145,335,4408,32,3667,42,4441,261,5861,39,7807,43,2593,56,4682,55
957,9370,4832,295,4994,321,4592,30,3611,51,4325,287,5805,27,7661,36,2520,52,4686,60
958,9380,4858,327,4936,320,4420,23,3505,42,4312,274,5766,32,7638,28,2530,60,4531,51
959,9390,4544,315,4839,309,4622,23,3648,47,4116,269,5905,31,7570,29,2422,62,4536,53
960,9400,4555,331,4625,311,4535,25,3514,38,4198,288,5598,36,7213,24,2212,51,4373,53
961,9410,4327,290,4497,271,4642,23,3613,38,4080,251,5578,30,7003,26,2308,67,4138,52
962,9420,4314,266,4354,280,4566,31,3623,48,3971,266,5460,29,7072,30,2145,61,4045,57
963,9430,4057,268,4387,289,4491,22,3638,48,3838,256,5436,38,6783,30,2157,63,3917,54
964,9440,3994,280,4168,269,4493,23,3606,51,3792,235,5214,23,6700,25,2145,49,3891,44
965,9450,3923,277,4129,277,4475,40,3665,28,3766,262,5209,37,6584,27,2048,53,3814,38
966,9460,3821,260,4047,236,4589,24,3709,41,3746,228,5195,43,6570,30,2081,53,3856,48
967,9470,3673,244,4002,265,4423,21,3646,45,3741,239,5103,20,6581,29,2048,60,3649,51
968,9480,3753,263,4056,246,4635,28,3595,47,3675,251,5000,36,6495,35,2056,48,3633,49
969,9490,3841,242,3976,244,4583,37,3734,44,3744,239,5024,31,6490,24,1983,46,3629,49
970,9500,3781,243,4039,243,4776,22,3706,36,3772,216,5163,24,6570,24,1998,46,3644,52
971,9510,3757,274,4011,251,4695,21,3669,41,3707,231,5082,37,6572,23,2026,47,3753,47
972,9520,3774,262,4081,279,4809,27,3836,53,3735,228,5089,28,6633,26,2016,47,3744,37
973,9530,3809,313,4031,264,4867,28,3842,40,3781,247,5284,21,6628,31,2038,47,3737,51
974,9540,3997,268,4190,276,4858,30,3815,50,3857,235,5323,38,6741,28,2116,49,3734,36
975,9550,4009,266,4301,260,5056,23,3866,57,3914,252,5369,34,6884,27,2127,60,3972,53
976,9560,4148,274,4532,298,5001,41,4044,45,4185,237,5518,35,6874,31,2189,48,4125,59
977,9570,4221,294,4570,301,5189,27,4095,50,4078,259,5642,36,7169,32,2290,59,4085,49
978,9580,4378,303,4718,324,5296,34,4145,43,4265,265,5666,43,7496,22,2335,74,4364,50
979,9590,4557,300,4895,314,5245,24,4251,48,4434,274,5825,33,7538,32,2455,53,4404,50
980,9600,4594,339,5001,320,5452,38,4257,47,4381,281,5816,27,7737,29,2467,71,4551,54
981,9610,4790,310,5054,339,5412,44,4544,45,4669,312,5878,44,7660,31,2555,60,4698,56
982,9620,4969,321,5262,301,5548,34,4470,61,4739,295,6036,29,7851,28,2626,56,4899,46
983,9630,5010,367,5318,358,5540,36,4608,62,4894,275,6169,29,7910,29,2742,69,4949,56
984,9640,5142,355,5515,347,5617,28,4554,44,4991,287,6168,33,8052,34,2628,66,4924,62
985,9650,5032,328,5334,295,5716,33,4772,58,4735,331,6365,42,8183,27,2701,78,4972,77
986,9660,5001,287,5370,332,5838,44,4729,57,4893,302,6508,36,8236,34,2677,57,4924,59
987,9670,5003,370,5281,328,5658,35,4609,63,4839,315,6277,37,7987,34,2486,57,4872,42
988,9680,4927,312,5180,304,5702,32,4580,57,4599,308,6175,38,7937,20,2594,58,4729,64
989,9690,4896,295,4959,312,5685,38,4500,57,4627,300,6096,35,7584,38,2468,54,4499,50
990,9700,4684,300,4988,289,5511,33,4583,53,4511,307,6001,30,7672,39,2411,58,4560,50
991,9710,4386,312,4702,243,5477,30,4322,53,4413,289,5731,38,7448,32,2395,49,4374,49
992,9720,4283,275,4652,287,5281,33,4296,58,4302,288,5594,32,7123,22,2220,61,4244,59
993,9730,4140,269,4299,297,5294,26,4171,43,4069,263,5588,33,7118,20,2253,41,3886,54
994,9740,3957,261,4268,271,5224,29,4038,46,3992,264,5419,36,6736,21,2075,45,3924,51
995,9750,3819,270,4002,261,5126,31,4154,56,3842,232,5225,29,6585,27,1950,65,3694,61
996,9760,3872,275,3983,257,4982,33,3972,33,3734,269,5182,36,6427,37,1978,52,3657,50
997,9770,3619,246,3768,247,4934,30,3888,36,3686,257,5108,26,6214,24,1980,61,3598,38
998,9780,3563,263,3761,238,4853,18,3823,37,3611,216,5017,28,6214,44,1822,57,3379,49
999,9790,3380,226,3674,255,4795,27,3845,46,3509,232,4820,26,6100,25,1855,37,3399,39
1000,9800,3571,238,3638,232,4756,21,3715,39,3556,251,4849,29,5953,19,1761,52,3452,38
1001,9810,3414,207,3548,246,4744,26,3763,52,3424,211,4775,23,5825,26,1765,34,3295,36
1002,9820,3384,230,3663,238,4748,21,3725,51,3505,229,4738,25,5966,19,1822,49,3194,41
1003,9830,3300,205,3598,218,4738,17,3683,47,3368,228,4715,26,5845,16,1796,50,3314,57
1004,9840,3381,214,3516,224,4797,23,3703,49,3330,234,4661,21,5800,22,1760,48,3294,31
1005,9850,3466,217,3404,227,4620,28,3700,51,3363,221,4736,23,5795,20,1798,34,3267,39
1006,9860,3324,230,3567,247,4647,22,3785,49,3534,247,4650,27,5777,29,1730,46,3322,47
1007,9870,3356,237,3641,235,4682,30,3791,42,3376,232,4491,26,5796,21,1755,51,3270,46
1008,9880,3525,242,3659,232,4841,39,3811,38,3490,251,4626,25,5685,20,1815,37,3401,35
1009,9890,3471,219,3765,241,4941,30,3862,37,3555,213,4608,25,5880,27,1865,52,3347,44
1010,9900,3493,242,3704,246,4963,23,3912,41,3640,220,4581,28,5918,13,1827,42,3360,37
1011,9910,3529,249,3753,257,4757,21,3922,43,3646,223,4673,23,5808,37,1899,36,3461,33
1012,9920,3434,214,3710,244,4841,31,3858,51,3619,227,4620,27,5997,27,1760,41,3395,33
1013,9930,3560,235,3796,223,4946,32,3904,43,3664,238,4773,27,5879,27,1830,50,3461,44
1014,9940,3495,242,3682,232,4784,34,3872,45,3571,228,4785,20,5781,33,1761,36,3505,42
1015,9950,3569,223,3697,254,4752,31,3934,53,3611,203,4612,32,5804,27,1874,63,3362,42
1016,9960,3558,216,3711,234,4838,27,3916,42,3529,222,4678,30,5765,20,1856,41,3404,34
1017,9970,3431,237,3667,247,4843,24,3736,51,3612,241,4602,39,5630,30,1830,43,3422,37
1018,9980,3327,225,3672,218,4711,35,3766,52,3422,230,4576,24,5595,20,1834,37,3358,39
1019,9990,3360,225,3578,229,4646,23,3611,57,3506,233,4560,22,5661,21,1818,45,3213,41
1020,10000,3225,209,3555,198,4672,16,3714,40,3392,219,4450,33,5552,18,1725,41,3163,37
1021,10010,3136,244,3487,204,4535,24,3639,30,3412,210,4337,32,5484,21,1781,41,3115,38
1022,10020,3229,216,3313,223,4563,33,3531,47,3273,203,4347,32,5423,19,1667,48,3079,39
1023,10030,3083,220,3218,235,4387,29,3453,48,3190,198,4219,29,5263,12,1657,46,3068,42
1024,10040,3010,230,3242,226,4324,26,3462,47,3194,200,4201,21,5358,16,1671,30,3031,31
1025,10050,3025,197,3243,188,4303,25,3401,40,3188,209,4260,20,5243,27,1579,43,2992,32
1026,10060,2945,178,3001,201,4271,21,3389,32,3089,201,4163,30,5200,14,1535,38,2890,38
1027,10070,2957,247,3104,194,4043,32,3326,37,3101,192,4072,28,5040,24,1541,47,2887,38
1028,10080,2896,188,3058,201,4068,21,3278,31,3009,193,3919,29,5041,19,1571,42,2811,35
1029,10090,2933,162,3064,212,4050,21,3199,44,3018,216,3943,23,4977,17,1536,35,2896,27
1030,10100,2975,199,2973,216,3955,25,3186,40,3047,190,3900,20,4958,20,1487,45,2818,21
1031,10110,2823,176,3145,198,3896,29,3194,37,2905,188,3988,24,4897,14,1488,31,2713,32
1032,10120,2856,197,3012,177,3977,32,3149,39,2932,157,3781,31,4889,14,1576,35,2737,29
1033,10130,2808,196,2993,209,3891,26,3108,35,2878,171,3891,24,4861,25,1461,42,2671,37
1034,10140,2866,190,2969,181,4004,18,3169,47,2944,167,3781,28,4826,22,1500,31,2692,41
1035,10150,2820,181,3044,197,3757,20,3121,32,3005,163,3726,20,4816,17,1512,41,2627,35
1036,10160,2869,165,2971,177,3942,27,3173,34,2925,200,3709,21,4794,20,1428,41,2614,35
1037,10170,2771,166,2895,189,3889,20,3119,29,2821,177,3817,17,4751,19,1493,36,2806,31
1038,10180,2844,189,2885,198,3896,18,3056,35,2770,173,3631,23,4839,25,1475,43,2666,39
1039,10190,2773,168,2950,195,3870,21,2997,34,2889,159,3777,32,4893,22,1482,27,2791,32
1040,10200,2804,174,2869,204,3895,26,3114,47,2798,169,3605,19,4800,14,1454,21,2675,28
1041,10210,2719,191,2919,176,3717,19,3031,35,2858,200,3754,26,4666,18,1451,26,2769,35
1042,10220,2638,163,2933,183,3973,27,2979,40,2835,174,3732,21,4774,21,1496,28,2630,30
1043,10230,2768,176,2859,169,3785,26,3133,55,2844,174,3799,21,4752,23,1400,37,2675,27
1044,10240,2803,177,2924,194,3732,27,3095,31,2774,152,3695,15,4705,24,1443,33,2646,37
1045,10250,2722,186,2951,170,3757,25,3007,42,2704,187,3638,15,4629,23,1412,42,2644,44
1046,10260,2738,175,2867,190,3688,21,3013,41,2807,149,3763,24,4680,17,1506,32,2675,33
1047,10270,2813,195,2755,192,3802,26,2949,29,2766,178,3684,26,4721,13,1414,34,2548,30
1048,10280,2717,189,2793,182,3801,22,3004,32,2810,173,3564,30,4570,19,1486,39,2553,44
1049,10290,2683,183,2888,178,3679,20,3024,35,2794,181,3708,27,4578,20,1429,33,2675,31
1050,10300,2619,188,2813,176,3787,26,3009,37,2732,181,3607,16,4600,24,1408,39,2595,25
1051,10310,2580,180,2842,176,3729,20,3004,32,2782,186,3686,18,4565,24,1415,32,2599,37
1052,10320,2695,188,2776,189,3808,21,3032,23,2734,174,3695,22,4569,19,1411,36,2552,30
1053,10330,2706,142,2851,176,3578,24,2993,33,2748,175,3600,14,4559,16,1359,47,2639,40
1054,10340,2601,197,2819,161,3718,24,2921,32,2766,172,3760,21,4577,15,1387,50,2574,30
1055,10350,2753,155,2875,187,3668,17,2983,40,2706,186,3621,24,4564,20,1382,37,2525,38
1056,10360,2644,191,2823,178,3726,10,3140,34,2704,197,3604,23,4489,27,1440,32,2567,33
1057,10370,2620,175,2746,170,3719,22,3008,27,2769,175,3681,22,4497,26,1406,32,2624,34
1058,10380,2573,179,2776,171,3706,25,2933,35,2772,178,3583,22,4554,19,1389,38,2553,33
1059,10390,2648,184,2777,179,3631,22,2983,41,2633,181,3635,15,4431,23,1437,35,2657,31
1060,10400,2586,154,2757,164,3670,28,2950,34,2697,168,3595,23,4550,15,1416,37,2462,50
1061,10410,2762,176,2752,185,3698,22,2917,33,2830,187,3515,22,4502,29,1505,32,2573,27
1062,10420,2703,194,2724,201,3703,19,2920,27,2694,166,3597,19,4592,17,1452,42,2547,32
1063,10430,2588,175,2885,194,3596,20,3057,28,2701,174,3568,25,4465,11,1379,35,2612,22
1064,10440,2643,164,2763,182,3666,18,2895,23,2630,194,3530,24,4508,24,1329,47,2563,37
1065,10450,2595,196,2800,167,3601,18,3034,36,2694,196,3615,15,4466,23,1392,38,2536,21
1066,10460,2639,175,2751,157,3606,22,2841,35,2669,169,3538,18,4486,14,1421,29,2603,25
1067,10470,2675,176,2866,171,3645,14,2928,39,2772,193,3617,20,4350,19,1403,36,2520,33
1068,10480,2635,191,2769,185,3576,20,2835,29,2698,168,3493,31,4407,21,1356,33,2532,37
1069,10490,2574,151,2737,175,3596,19,2849,30,2642,189,3466,21,4344,12,1345,40,2524,35
1070,10500,2655,178,2692,176,3495,19,2829,37,2671,179,3425,18,4426,19,1386,32,2482,18
1071,10510,2621,176,2779,199,3591,17,2860,39,2728,180,3575,17,4436,13,1350,33,2551,31
1072,10520,2539,158,2702,187,3550,18,2900,36,2763,170,3382,19,4454,16,1379,49,2439,19
1073,10530,2587,161,2662,180,3630,21,2803,36,2706,148,3470,24,4325,21,1427,39,2452,29
1074,10540,2612,209,2745,152,3506,24,2856,35,2635,190,3431,18,4596,15,1397,44,2528,27
1075,10550,2574,178,2637,161,3481,24,2907,27,2715,188,3455,19,4414,25,1409,36,2477,33
1076,10560,2576,144,2804,174,3517,31,2910,28,2683,190,3452,19,4300,15,1371,36,2455,29
1077,10570,2588,173,2674,171,3572,24,2855,38,2715,182,3434,18,4397,21,1346,23,2534,36
1078,10580,2539,171,2619,177,3517,22,2824,39,2614,171,3504,15,4304,15,1402,32,2444,29
1079,10590,2588,166,2620,183,3473,19,2773,45,2673,131,3384,14,4349,13,1333,34,2537,26
1080,10600,2520,176,2676,177,3454,33,2802,31,2630,171,3448,25,4382,21,1369,28,2495,36
1081,10610,2561,185,2759,167,3493,25,2836,31,2554,163,3392,26,4314,23,1350,31,2406,27
1082,10620,2583,190,2724,176,3450,12,2795,30,2571,168,3447,29,4359,22,1378,24,2515,18
1083,10630,2531,192,2655,179,3471,16,2832,30,2686,150,3456,18,4364,17,1267,30,2403,27
1084,10640,2490,169,2636,175,3450,19,2806,33,2571,173,3408,23,4113,20,1313,38,2417,30
1085,10650,2535,157,2644,173,3461,26,2773,33,2581,178,3493,23,4243,25,1363,35,2511,30
1086,10660,2524,175,2653,158,3427,23,2744,36,2629,150,3355,21,4312,14,1321,24,2451,32
1087,10670,2527,174,2687,178,3438,23,2769,27,2575,180,3392,15,4253,21,1257,33,2415,32
1088,10680,2515,185,2655,185,3459,23,2735,26,2644,158,3325,19,4178,13,1267,34,2515,33
1089,10690,2544,184,2663,146,3522,23,2737,32,2666,177,3388,17,4325,13,1277,35,2364,27
1090,10700,2476,152,2567,173,3557,20,2745,26,2504,169,3332,17,4263,11,1304,37,2423,34
1091,10710,2560,157,2753,170,3463,24,2750,34,2628,162,3301,19,4318,15,1351,31,2461,26
1092,10720,2446,159,2653,169,3466,33,2796,30,2672,184,3443,27,4308,22,1386,25,2477,28
1093,10730,2555,181,2720,163,3589,12,2775,37,2606,173,3439,23,4399,22,1370,31,2476,28
1094,10740,2552,180,2664,153,3500,20,2749,29,2657,173,3410,25,4343,14,1371,30,2528,33
1095,10750,2554,173,2669,162,3389,23,2819,35,2578,167,3520,20,4317,16,1334,32,2415,31
1096,10760,2611,177,2638,173,3507,23,2777,29,2699,141,3373,31,4375,16,1354,35,2447,29
1097,10770,2681,162,2747,186,3546,15,2828,30,2672,177,3499,24,4318,18,1377,25,2600,32
1098,10780,2654,179,2720,163,3604,16,2822,29,2683,171,3456,19,4416,17,1371,35,2554,35
1099,10790,2676,182,2855,193,3554,26,2804,32,2700,175,3465,15,4391,14,1397,44,2573,22
1100,10800,2711,190,2821,178,3475,16,2779,40,2694,171,3527,23,4544,16,1420,45,2580,21
1101,10810,2738,160,2825,184,3514,23,2809,32,2725,186,3420,22,4367,14,1343,27,2540,28
1102,10820,2617,187,2913,182,3468,25,2707,39,2691,191,3509,18,4537,23,1316,35,2631,29
1103,10830,2793,178,2856,190,3516,25,2639,31,2674,172,3595,23,4517,20,1504,41,2642,36
1104,10840,2756,200,2863,163,3380,19,2824,36,2873,161,3469,26,4450,23,1415,38,2641,23
1105,10850,2706,204,2997,180,3469,20,2799,37,2748,184,3600,20,4482,17,1485,36,2690,38
1106,10860,2745,184,2964,186,3418,20,2772,39,2753,165,3766,24,4637,17,1419,33,2677,45
1107,10870,2694,186,2886,171,3434,18,2797,28,2700,164,3612,20,4535,22,1433,29,2621,28
1108,10880,2766,186,2977,204,3510,14,2814,38,2669,174,3569,29,4432,11,1424,32,2733,34
1109,10890,2827,195,2846,194,3459,20,2728,35,2719,177,3523,20,4486,26,1451,33,2700,24
1110,10900,2796,164,2908,181,3428,24,2729,27,2697,165,3585,18,4473,21,1367,30,2597,39
1111,10910,2653,200,2886,166,3409,15,2737,41,2739,178,3534,13,4546,21,1464,34,2624,29
1112,10920,2710,196,2800,183,3343,27,2689,25,2697,162,3526,21,4530,20,1395,32,2587,30
1113,10930,2743,163,2787,187,3324,22,2705,28,2692,163,3508,27,4325,26,1382,31,2541,38
1114,10940,2621,165,2714,183,3138,18,2718,41,2575,150,3368,20,4415,15,1449,32,2503,25
1115,10950,2616,183,2730,169,3320,19,2595,28,2512,165,3351,22,4351,27,1359,37,2493,43
1116,10960,2565,156,2735,162,3403,21,2493,30,2557,156,3355,19,4204,18,1363,40,2483,33
1117,10970,2510,175,2539,172,3288,21,2600,30,2518,167,3343,12,4214,24,1364,29,2388,34
1118,10980,2469,156,2593,168,3166,16,2584,29,2553,154,3387,23,4263,19,1355,35,2422,25
1119,10990,2440,160,2580,174,3277,22,2700,36,2533,153,3305,20,4240,22,1288,30,2304,24
1120,11000,2418,173,2470,168,3173,17,2522,26,2468,149,3294,17,4166,21,1271,31,2382,28
1121,11010,2362,172,2560,163,3087,21,2545,27,2501,206,3258,22,4131,25,1250,32,2298,39
1122,11020,2351,159,2552,146,3231,23,2627,21,2466,172,3243,14,4109,17,1249,25,2286,24
1123,11030,2319,167,2492,168,3221,21,2655,40,2418,161,3193,20,4044,23,1176,32,2274,21
1124,11040,2369,164,2558,166,3179,14,2633,28,2431,162,3224,13,4129,11,1323,36,2373,32
1125,11050,2288,153,2466,174,3130,18,2592,32,2366,138,3152,16,4083,15,1201,30,2173,38
1126,11060,2304,150,2398,160,3165,22,2596,33,2413,148,3141,16,4068,19,1248,30,2255,27
1127,11070,2351,164,2478,162,3110,14,2573,32,2439,143,3194,21,3956,14,1243,28,2193,28
1128,11080,2349,151,2455,176,3227,18,2490,27,2399,160,3129,11,4075,19,1169,35,2272,22
1129,11090,2385,163,2416,166,3194,22,2485,35,2436,145,3168,19,4003,16,1255,34,2239,25
1130,11100,2271,153,2473,180,3195,18,2564,36,2444,144,3180,23,3967,11,1190,24,2336,26
1131,11110,2319,150,2426,151,3164,33,2639,29,2395,146,3024,19,3954,16,1231,29,2249,36
1132,11120,2306,149,2457,163,3160,27,2547,20,2434,158,3240,25,4011,16,1258,39,2381,33
1133,11130,2395,153,2492,156,3079,19,2544,37,2400,156,3185,23,4008,15,1240,32,2328,29
1134,11140,2329,146,2518,178,3202,17,2551,21,2424,157,3139,20,4073,12,1242,37,2407,24
1135,11150,2333,146,2548,161,3185,15,2595,36,2459,173,3196,20,4031,8,1303,22,2242,29
1136,11160,2461,167,2443,183,3213,19,2530,29,2447,166,3145,13,4126,27,1217,27,2267,24
1137,11170,2350,156,2550,159,3182,26,2515,33,2546,181,3218,18,4068,12,1297,30,2313,33
1138,11180,2441,130,2454,170,3178,22,2533,33,2469,156,3103,14,4023,17,1281,38,2345,28
1139,11190,2377,162,2585,147,3278,13,2550,28,2468,169,3164,22,4089,12,1252,34,2514,36
1140,11200,2439,155,2542,170,3182,20,2584,33,2473,156,3266,20,4043,21,1272,25,2447,26
1141,11210,2458,165,2680,162,3296,15,2663,35,2559,167,3217,15,4188,14,1225,32,2435,27
1142,11220,2481,170,2639,149,3179,25,2663,32,2570,167,3334,12,4138,13,1331,28,2385,28
1143,11230,2582,149,2676,163,3391,20,2656,31,2610,168,3313,21,4058,20,1333,36,2479,28
1144,11240,2540,166,2653,180,3201,20,2645,38,2549,155,3277,22,4206,11,1329,32,2356,21
1145,11250,2519,168,2609,162,3274,16,2661,31,2608,176,3228,23,4099,22,1366,28,2454,40
1146,11260,2605,175,2630,170,3265,22,2745,25,2600,161,3349,23,4066,25,1275,36,2356,30
1147,11270,2496,154,2765,148,3203,28,2696,21,2520,175,3365,16,4241,21,1309,39,2340,27
1148,11280,2411,175,2625,140,3209,21,2652,22,2493,169,3315,17,3947,17,1258,24,2303,40
1149,11290,2431,169,2650,185,3318,16,2693,28,2526,160,3297,11,4091,18,1307,32,2376,28
1150,11300,2425,161,2565,154,3337,23,2679,32,2565,168,3185,24,4090,19,1232,36,2343,42
1151,11310,2472,148,2499,134,3226,25,2610,43,2505,161,3231,22,4024,14,1268,27,2295,24
1152,11320,2378,147,2544,173,3187,13,2639,28,2472,162,3115,14,4075,16,1294,30,2348,24
1153,11330,2423,158,2476,165,3060,17,2592,33,2402,143,3220,26,4061,18,1233,37,2312,25
1154,11340,2278,169,2489,140,3154,19,2663,22,2394,151,3195,14,3957,24,1307,23,2325,32
1155,11350,2429,148,2470,170,3200,16,2542,29,2440,137,3227,18,3915,16,1163,29,2256,22
1156,11360,2359,153,2447,190,3105,19,2593,31,2319,150,3154,15,3899,20,1241,31,2270,20
1157,11370,2263,165,2322,141,3116,23,2473,27,2429,151,3053,12,3781,9,1181,22,2192,27
1158,11380,2216,168,2341,151,3129,16,2508,39,2306,155,3082,17,3968,17,1159,29,2151,25
1159,11390,2205,139,2335,142,3020,20,2435,36,2331,146,2960,12,3867,13,1206,33,2165,32
1160,11400,2134,177,2327,149,3120,14,2482,28,2289,147,3013,18,3687,13,1134,35,2163,28
1161,11410,2163,155,2257,171,3034,14,2392,30,2312,149,2933,14,3648,13,1186,43,2098,26
1162,11420,2171,118,2226,134,3069,18,2431,37,2237,136,2984,22,3806,18,1114,26,2146,26
1163,11430,2164,135,2233,155,3002,14,2392,33,2240,138,3004,18,3666,15,1129,17,2049,23
1164,11440,2217,133,2296,155,3011,18,2441,35,2232,141,2934,19,3584,23,1143,36,2142,24
1165,11450,2131,128,2219,146,2963,16,2398,24,2203,134,3034,14,3716,17,1096,29,1960,27
1166,11460,2188,149,2171,129,2995,22,2424,26,2114,130,2982,20,3681,17,1072,29,2068,27
1167,11470,2162,141,2258,159,2931,18,2402,20,2139,136,2919,15,3636,16,1122,27,2079,27
1168,11480,2097,161,2246,133,2899,16,2377,33,2136,122,2891,21,3634,14,1157,35,2088,24
1169,11490,2109,145,2205,145,2887,18,2375,29,2165,161,2807,19,3656,7,1159,27,2108,30
1170,11500,2117,151,2251,117,2865,17,2360,29,2242,134,2955,26,3532,21,1080,28,2040,24
1171,11510,2183,140,2180,141,2817,14,2321,33,2211,130,2858,15,3624,18,1149,32,2014,27
1172,11520,2093,144,2287,158,2910,26,2311,26,2212,154,2828,15,3560,14,1116,20,2106,28
1173,11530,2074,116,2253,141,3009,16,2300,24,2173,133,2810,25,3619,10,1121,26,2068,25
1174,11540,2079,147,2226,142,2811,17,2380,33,2222,156,2851,19,3598,12,1132,22,2056,33
1175,11550,2142,153,2253,129,2889,13,2393,27,2278,154,2943,23,3575,15,1128,24,2087,22
1176,11560,2140,123,2279,143,2866,16,2365,24,2144,125,2914,16,3690,15,1114,35,2069,20
1177,11570,2112,133,2240,151,2851,22,2345,33,2224,143,2902,14,3524,11,1045,23,2083,27
1178,11580,2038,138,2195,164,2815,11,2323,22,2152,122,2881,13,3663,16,1115,24,2073,29
1179,11590,2093,129,2244,142,2981,12,2325,28,2230,138,2820,10,3635,22,1074,31,2023,25
1180,11600,2069,128,2232,150,2911,12,2293,31,2139,150,2860,27,3561,15,1141,31,2033,27
1181,11610,2065,158,2252,139,2943,19,2345,26,2098,154,2841,18,3490,23,1114,27,1991,33
1182,11620,2102,126,2148,146,2904,19,2247,26,2190,140,2778,28,3515,16,1033,22,2000,28
1183,11630,2098,133,2199,142,2897,20,2354,33,2114,127,2842,15,3507,18,1098,29,1951,28
1184,11640,2002,166,2110,142,2803,26,2238,35,2203,148,2716,19,3508,16,1085,25,2004,29
1185,11650,2133,124,2170,144,2758,11,2238,22,2100,147,2799,16,3545,20,1090,23,2129,25
1186,11660,2040,149,2140,141,2737,12,2325,24,2120,129,2765,16,3589,14,1067,24,2023,32
1187,11670,2050,123,2215,127,2740,18,2210,21,2188,157,2741,21,3624,13,1096,27,1946,20
1188,11680,2086,145,2227,130,2718,15,2303,32,2164,128,2692,13,3412,18,1104,27,2005,29
1189,11690,2093,121,2177,134,2827,18,2255,24,2072,131,2823,14,3518,22,1150,34,2009,27
1190,11700,2002,125,2116,116,2752,14,2240,20,2090,143,2691,16,3520,15,1090,37,2024,23
1191,11710,2043,152,2191,134,2848,17,2250,27,2105,129,2835,19,3395,18,1095,23,1955,30
1192,11720,2079,144,2105,122,2769,16,2252,24,2062,143,2839,14,3356,12,1122,27,1873,19
1193,11730,2040,125,2084,132,2809,14,2231,19,2122,135,2706,16,3566,15,1008,22,1984,26
1194,11740,1970,147,2257,135,2732,10,2244,16,2074,132,2699,16,3547,14,1020,20,1885,20
1195,11750,1974,116,2069,139,2807,23,2161,23,2055,146,2694,15,3448,15,1011,23,1958,16
1196,11760,1993,135,2042,140,2688,18,2106,19,2043,146,2629,18,3298,11,1010,26,1937,21
1197,11770,2037,126,2094,133,2671,12,2204,20,2098,133,2681,12,3234,17,1027,24,1886,18
1198,11780,1939,125,2110,123,2618,19,2192,31,2099,128,2671,14,3351,11,1052,30,1831,22
1199,11790,1960,139,2043,119,2734,14,2140,22,2163,151,2676,17,3265,11,1055,20,1927,30
1200,11800,1997,133,2088,152,2735,17,2109,25,2061,155,2654,16,3319,15,1041,38,1853,21
1201,11810,1952,133,2084,123,2695,11,2217,23,1968,112,2604,10,3324,11,1017,24,1950,14
1202,11820,1920,144,2011,128,2530,15,2136,17,2076,151,2551,16,3170,10,938,26,1923,19
1203,11830,1905,127,2130,132,2605,14,2174,23,1980,117,2607,27,3296,13,1038,14,1861,16
1204,11840,1892,129,2032,112,2608,13,2211,25,2056,132,2610,17,3255,15,960,20,1863,25
1205,11850,1902,106,2033,130,2615,25,2219,20,2072,140,2680,14,3270,7,1003,17,1817,21
1206,11860,1924,116,2013,119,2598,18,2122,30,2029,114,2693,22,3219,17,1026,19,1832,25
1207,11870,1909,121,1955,141,2613,14,2168,18,1988,145,2644,16,3307,17,1000,16,1861,27
1208,11880,1937,111,2031,149,2607,13,2072,23,2028,114,2555,11,3341,9,975,26,1817,22
1209,11890,1928,130,2017,131,2604,11,2186,21,2000,135,2468,16,3308,6,1012,35,1860,29
1210,11900,1874,135,2022,122,2596,10,2246,29,2048,141,2642,14,3262,10,972,21,1850,33
1211,11910,1881,130,2002,139,2545,10,2211,22,1972,123,2603,19,3250,8,1000,23,1882,21
1212,11920,1866,124,2029,140,2561,19,2116,20,1937,146,2555,15,3157,12,1017,23,1783,22
1213,11930,1937,117,2001,150,2597,14,2188,25,1984,123,2530,18,3130,19,995,20,1847,20
1214,11940,1939,114,2059,122,2625,15,2049,31,2037,125,2620,13,3132,17,1003,29,1834,20
1215,11950,1886,124,2036,113,2625,18,2134,22,1941,120,2591,22,3240,18,990,21,1927,27
1216,11960,1885,122,2042,103,2652,9,2099,21,1895,116,2470,13,3094,14,971,22,1817,13
1217,11970,1847,135,2020,123,2687,16,2082,15,1946,121,2544,19,3040,15,962,26,1862,21
1218,11980,1864,134,1991,128,2606,12,2063,26,2099,122,2465,18,3130,13,959,26,1806,17
1219,11990,1945,110,1987,134,2592,13,2139,26,2044,156,2480,17,3132,10,1026,23,1836,20
1220,12000,1927,145,1988,121,2645,14,2098,25,2034,121,2398,13,3093,17,1019,24,1885,25
1221,12010,1853,132,1957,120,2668,17,2112,21,1920,129,2506,19,3087,12,964,18,1765,21
1222,12020,1897,135,1982,110,2491,17,1990,29,1905,129,2554,12,3163,7,984,24,1851,17
1223,12030,1884,146,1921,123,2619,10,2078,24,1955,109,2503,19,3090,5,956,16,1841,19
1224,12040,1872,119,1966,139,2548,7,2141,26,1952,139,2478,13,3170,13,1019,31,1823,23
1225,12050,1907,111,1984,137,2538,12,2074,30,1934,125,2492,14,3118,15,916,18,1839,28
1226,12060,1951,138,1860,132,2626,10,2047,22,1935,117,2452,15,3110,18,998,26,1745,31
1227,12070,1867,127,1888,115,2537,19,2068,18,1945,108,2483,15,3077,16,1035,17,1750,22
1228,12080,1882,116,1949,131,2485,18,2054,25,1896,128,2518,11,3071,11,968,36,1768,13
1229,12090,1809,110,1854,143,2418,11,2013,13,1895,134,2543,17,2994,14,1004,23,1705,20
1230,12100,1811,136,1879,109,2607,13,2015,16,1881,128,2430,19,3174,17,943,23,1764,23
1231,12110,1760,128,1874,120,2427,13,2088,32,1889,116,2454,16,3120,12,921,32,1755,20
1232,12120,1799,115,1900,123,2471,14,1989,26,1826,121,2415,14,2960,14,944,16,1813,22
1233,12130,1825,121,1804,104,2542,12,2093,24,1795,120,2488,25,3100,11,979,22,1704,18
1234,12140,1780,133,1876,125,2461,13,2006,29,1795,123,2472,13,3016,12,969,18,1762,26
1235,12150,1804,120,1907,119,2451,11,1966,12,1888,137,2507,18,3034,12,976,34,1774,14
1236,12160,1816,124,1812,139,2469,18,2027,20,1866,119,2404,15,3083,15,952,23,1828,20
1237,12170,1728,116,1911,119,2472,11,1985,26,1841,116,2360,8,3020,10,926,29,1721,21
1238,12180,1784,131,1878,105,2382,17,1895,19,1788,110,2430,12,3057,15,962,40,1717,24
1239,12190,1803,114,1917,115,2416,11,2022,24,1796,106,2385,13,2905,14,945,30,1759,19
1240,12200,1766,101,1953,111,2486,15,1942,22,1855,124,2510,15,2960,12,929,20,1764,15
1241,12210,1816,128,1842,100,2354,14,1981,19,1827,111,2375,13,2971,11,923,20,1738,20
1242,12220,1795,109,1752,112,2443,13,1943,21,1827,114,2421,18,3043,16,925,23,1798,28
1243,12230,1764,120,1803,104,2340,14,1959,24,1720,110,2489,16,3042,12,894,27,1759,19
1244,12240,1754,129,1846,139,2447,7,1957,25,1880,97,2369,11,2991,18,954,21,1800,24
1245,12250,1736,127,1916,120,2422,27,1941,21,1956,107,2447,17,3148,11,952,26,1756,22
1246,12260,1849,125,1926,121,2355,18,1938,20,1786,125,2340,13,2947,14,925,22,1703,26
1247,12270,1768,144,1915,136,2421,22,2034,24,1941,122,2358,16,2935,10,989,26,1754,18
1248,12280,1789,132,1876,119,2440,12,1950,21,1854,120,2410,14,3017,13,959,23,1767,26
1249,12290,1809,91,1844,105,2319,17,2022,23,1953,108,2443,15,2963,14,1004,21,1714,28
1250,12300,1768,111,1840,99,2383,15,2048,27,1865,129,2388,9,2944,13,899,26,1788,22
1251,12310,1897,119,1868,125,2330,11,2075,23,1818,131,2421,20,3172,12,996,17,1718,18
1252,12320,1793,116,1903,126,2395,14,1983,30,1849,114,2265,22,2965,9,952,24,1753,17
1253,12330,1777,107,1752,126,2423,13,2051,27,1891,122,2401,18,3101,10,922,18,1742,24
1254,12340,1793,108,1857,133,2402,11,1927,18,1893,107,2428,15,2997,17,938,21,1701,20
1255,12350,1806,109,1871,115,2421,10,2014,17,1869,111,2378,16,2975,13,938,18,1739,17
1256,12360,1776,111,1860,115,2424,14,2098,35,1908,122,2314,14,2938,15,935,16,1670,22
1257,12370,1741,108,1858,164,2300,12,1976,32,1902,113,2364,13,2920,15,907,29,1726,25
1258,12380,1754,122,1823,103,2395,20,1934,28,1831,126,2353,19,3008,10,904,21,1675,22
1259,12390,1748,124,1882,108,2280,12,1954,23,1815,116,2332,14,2945,11,932,25,1749,22
1260,12400,1731,121,1747,117,2369,12,1936,16,1802,131,2310,20,2821,18,949,31,1648,24
1261,12410,1751,108,1769,109,2284,12,1906,24,1728,134,2283,12,2970,16,927,27,1707,20
1262,12420,1790,131,1812,100,2315,9,1936,24,1811,98,2376,13,3016,13,936,23,1718,21
1263,12430,1748,128,1799,113,2271,12,1908,23,1756,114,2218,8,3003,10,927,21,1623,25
1264,12440,1741,115,1759,124,2320,17,1919,34,1743,104,2199,8,2858,14,917,26,1642,18
1265,12450,1735,122,1750,91,2355,15,1805,21,1771,110,2275,8,2833,19,899,18,1644,22
1266,12460,1655,110,1765,114,2244,7,1847,18,1732,98,2285,14,2781,20,860,22,1657,22
1267,12470,1647,114,1793,112,2312,10,1870,20,1711,114,2156,10,2914,20,881,25,1538,24
1268,12480,1643,108,1711,110,2251,12,1880,25,1780,112,2227,11,2752,8,846,14,1681,20
1269,12490,1630,111,1840,117,2189,11,1737,26,1747,109,2095,7,2847,8,851,21,1556,24
1270,12500,1603,107,1726,108,2225,17,1873,15,1756,120,2187,14,2798,6,872,36,1633,17
1271,12510,1584,120,1734,93,2244,16,1938,25,1789,121,2056,7,2823,8,854,17,1618,21
1272,12520,1639,112,1800,113,2195,20,1862,25,1631,108,2151,14,2769,10,921,23,1637,18
1273,12530,1624,102,1759,119,2257,11,1804,16,1641,111,2266,11,2737,8,794,22,1532,27
1274,12540,1649,100,1758,115,2248,14,1845,19,1665,118,2126,16,2689,18,844,22,1696,22
1275,12550,1575,93,1702,122,2189,13,1795,23,1677,112,2177,12,2785,11,812,13,1604,18
1276,12560,1598,109,1732,115,2234,8,1778,30,1724,112,2140,8,2728,10,821,15,1560,16
1277,12570,1618,119,1719,98,2139,9,1701,19,1769,114,2218,10,2674,15,827,18,1560,17
1278,12580,1630,114,1667,98,2218,15,1784,28,1605,107,2174,10,2736,7,829,20,1582,19
1279,12590,1593,116,1766,98,2182,17,1771,21,1744,104,2191,13,2716,7,847,15,1562,21
1280,12600,1684,106,1680,118,2115,15,1745,19,1693,126,2081,16,2779,10,825,21,1568,17
1281,12610,1589,104,1667,119,2161,18,1856,16,1656,87,2082,7,2647,10,806,20,1585,16
1282,12620,1580,89,1644,107,2173,12,1802,22,1663,102,2188,11,2657,14,880,17,1501,21
1283,12630,1629,106,1652,96,2224,20,1819,16,1636,86,2045,17,2558,13,872,17,1527,27
1284,12640,1575,112,1658,121,2233,18,1767,24,1686,107,2060,11,2736,10,843,28,1571,15
1285,12650,1624,126,1692,132,2201,7,1735,21,1630,116,2202,10,2725,14,811,22,1531,20
1286,12660,1620,110,1669,112,2137,10,1718,18,1602,110,2144,9,2633,14,774,18,1535,15
1287,12670,1527,102,1619,91,2062,16,1684,18,1698,95,2094,15,2746,7,799,10,1431,20
1288,12680,1594,106,1636,128,2139,10,1655,24,1564,98,2141,13,2629,15,850,20,1548,16
1289,12690,1573,125,1672,111,2088,19,1776,20,1671,104,2035,14,2653,8,837,18,1542,14
1290,12700,1564,89,1638,100,2114,16,1763,13,1653,107,2115,14,2711,10,820,22,1535,23
1291,12710,1605,105,1734,113,2206,13,1708,23,1634,116,2161,15,2706,11,834,18,1493,23
1292,12720,1557,104,1666,108,2124,8,1692,22,1680,127,2081,11,2621,6,819,18,1596,27
1293,12730,1587,109,1733,96,2177,11,1831,23,1673,109,2077,13,2615,15,800,17,1576,11
1294,12740,1571,98,1685,109,2056,20,1722,26,1710,108,2056,12,2626,21,818,26,1535,23
1295,12750,1575,114,1689,119,2159,10,1833,25,1667,123,2093,18,2621,10,818,17,1564,9
1296,12760,1547,105,1672,111,2053,7,1779,16,1696,100,2166,10,2713,9,860,20,1569,22
1297,12770,1618,107,1725,112,2112,15,1813,24,1697,118,2112,10,2738,9,848,17,1531,6
1298,12780,1632,119,1663,123,2212,20,1852,25,1684,116,2142,10,2715,8,839,17,1625,12
1299,12790,1593,110,1695,108,2183,14,1753,31,1683,122,2108,16,2721,18,870,22,1563,18
1300,12800,1583,121,1717,99,2189,7,1839,13,1721,124,2203,11,2843,9,875,22,1535,21
1301,12810,1633,113,1646,127,2131,15,1865,26,1694,91,2106,19,2764,8,854,26,1561,25
1302,12820,1583,119,1729,124,2198,17,1832,26,1704,130,2133,10,2797,9,893,17,1622,21
1303,12830,1644,114,1713,118,2166,14,1863,21,1797,102,2178,9,2722,12,913,22,1602,19
1304,12840,1665,114,1791,112,2170,9,1831,20,1688,116,2148,8,2721,12,905,16,1672,15
1305,12850,1679,113,1703,118,2207,11,1933,12,1756,113,2123,8,2799,7,935,19,1599,14
1306,12860,1637,96,1765,104,2086,17,1959,23,1744,111,2190,14,2833,11,864,27,1685,19
1307,12870,1668,99,1717,123,2179,16,1891,22,1716,115,2136,14,2768,13,917,22,1596,22
1308,12880,1694,118,1780,106,2151,11,1894,30,1784,95,2189,8,2863,13,913,22,1645,25
1309,12890,1666,105,1723,98,2099,11,1895,28,1758,110,2076,14,2819,9,905,12,1632,24
1310,12900,1660,105,1676,110,2201,13,1848,13,1702,117,2074,9,2779,12,860,18,1585,15
1311,12910,1654,121,1745,122,2100,10,1842,21,1749,112,2059,13,2804,10,872,26,1679,17
1312,12920,1658,114,1664,116,2099,9,1895,19,1758,106,2132,15,2730,12,867,25,1534,16
1313,12930,1593,117,1642,99,2055,13,1780,25,1634,96,2105,13,2673,11,839,28,1577,23
1314,12940,1614,102,1640,103,2094,15,1790,18,1655,115,2040,23,2636,9,849,21,1561,28
1315,12950,1583,119,1602,120,2179,11,1739,17,1605,111,2031,17,2557,14,827,9,1542,31
1316,12960,1555,103,1613,114,2075,12,1699,17,1714,117,2148,15,2656,6,792,20,1531,15
1317,12970,1502,95,1631,82,2014,12,1737,23,1676,85,2078,7,2606,13,806,16,1450,18
1318,12980,1506,119,1604,92,2052,15,1631,20,1551,96,1988,8,2583,11,814,21,1405,19
1319,12990,1488,94,1561,104,2118,4,1696,29,1581,105,1951,14,2580,6,823,20,1495,18
1320,13000,1479,95,1597,95,1936,4,1755,15,1542,89,1977,6,2507,13,734,13,1370,16
1321,13010,1490,93,1503,107,2035,13,1668,25,1540,89,2045,10,2418,5,754,23,1475,18
1322,13020,1477,105,1543,103,1944,13,1637,12,1549,102,1963,11,2565,10,798,18,1454,10
1323,13030,1484,96,1568,98,1977,11,1629,23,1556,92,1984,13,2444,4,801,15,1415,17
1324,13040,1465,89,1450,86,2017,8,1639,21,1554,115,1939,12,2478,9,786,11,1424,16
1325,13050,1422,106,1452,86,1860,15,1552,18,1490,85,1942,9,2422,8,785,16,1404,18
1326,13060,1404,101,1440,95,1929,9,1549,18,1532,93,1970,10,2373,13,757,14,1365,10
1327,13070,1397,103,1511,87,1928,9,1559,26,1464,101,1794,13,2437,7,728,18,1364,11
1328,13080,1417,98,1446,71,1912,7,1548,15,1537,100,1927,12,2491,12,739,16,1430,11
1329,13090,1443,93,1462,79,1863,19,1612,16,1454,105,1924,9,2346,4,693,18,1361,19
1330,13100,1379,90,1486,75,2039,13,1584,16,1436,92,1885,10,2413,4,758,19,1381,17
1331,13110,1425,103,1394,95,1908,4,1558,20,1421,91,1873,10,2411,14,820,17,1369,18
1332,13120,1445,92,1412,92,1930,11,1551,25,1402,74,1853,16,2236,12,798,16,1300,19
1333,13130,1448,92,1445,102,1896,7,1624,27,1441,90,1851,2,2294,10,688,12,1381,23
1334,13140,1349,91,1461,87,1840,17,1596,25,1428,92,1828,9,2346,13,706,12,1360,10
1335,13150,1459,103,1438,91,1859,12,1490,16,1469,93,1839,12,2336,13,736,15,1396,15
1336,13160,1351,85,1433,92,1849,12,1492,15,1406,99,1853,12,2391,17,700,21,1337,23
1337,13170,1417,83,1412,86,1829,9,1424,15,1409,90,1886,11,2300,7,736,16,1343,16
1338,13180,1394,92,1464,89,1853,11,1444,18,1463,95,1872,12,2316,8,697,15,1397,14
1339,13190,1335,107,1399,84,1900,9,1557,21,1502,95,1863,14,2349,9,734,15,1312,12
1340,13200,1337,88,1436,101,1812,8,1470,13,1366,88,1787,12,2224,4,694,16,1315,14
1341,13210,1383,87,1368,84,1874,9,1474,15,1409,89,1888,6,2338,8,705,10,1330,16
1342,13220,1283,89,1380,84,1783,8,1421,17,1428,102,1829,9,2285,9,724,13,1328,15
1343,13230,1390,69,1419,66,1797,7,1492,12,1351,88,1880,15,2197,7,685,10,1325,9
1344,13240,1336,92,1401,100,1783,14,1473,10,1401,90,1790,6,2306,17,679,21,1380,19
1345,13250,1277,92,1453,95,1864,10,1435,21,1398,81,1728,4,2216,8,691,15,1289,19
1346,13260,1332,75,1463,108,1785,12,1450,18,1458,85,1817,11,2269,10,699,12,1305,18
1347,13270,1386,86,1368,102,1791,10,1551,19,1363,90,1781,12,2303,9,684,17,1280,19
1348,13280,1372,94,1441,100,1752,8,1482,17,1329,96,1925,9,2289,8,740,14,1324,16
1349,13290,1360,83,1403,96,1839,12,1595,15,1363,71,1794,13,2243,7,658,11,1269,10
1350,13300,1365,105,1385,87,1787,8,1442,18,1425,93,1750,7,2256,9,693,15,1287,7
1351,13310,1355,90,1378,100,1738,9,1475,21,1437,94,1703,10,2299,14,694,14,1292,11
1352,13320,1258,82,1403,83,1735,11,1444,21,1419,95,1848,13,2252,12,696,16,1243,13
1353,13330,1351,78,1349,111,1820,11,1506,19,1420,85,1778,7,2272,6,675,15,1330,10
1354,13340,1343,102,1433,79,1778,8,1457,15,1365,78,1824,13,2253,14,699,21,1304,20
1355,13350,1332,94,1414,80,1814,10,1499,10,1421,86,1719,4,2232,13,711,17,1277,12
1356,13360,1384,112,1356,92,1797,12,1433,17,1417,103,1718,10,2158,13,674,13,1279,13
1357,13370,1374,88,1327,98,1821,15,1418,17,1468,80,1748,6,2164,10,693,20,1293,14
1358,13380,1340,63,1492,84,1830,10,1488,19,1405,77,1747,16,2270,11,683,23,1250,11
1359,13390,1349,86,1397,80,1788,13,1412,16,1409,100,1749,12,2265,6,697,18,1264,19
1360,13400,1360,87,1391,113,1778,10,1460,17,1364,85,1770,6,2160,12,723,21,1232,15
1361,13410,1228,98,1314,83,1746,12,1391,17,1311,93,1797,10,2213,10,720,9,1285,9
1362,13420,1359,77,1348,85,1781,12,1408,22,1311,89,1715,5,2150,8,713,18,1298,22
1363,13430,1350,84,1372,89,1737,7,1456,11,1352,82,1760,9,2220,7,696,18,1211,24
1364,13440,1307,77,1326,74,1750,10,1450,23,1359,89,1738,10,2267,7,708,15,1242,16
1365,13450,1315,88,1264,83,1781,10,1446,11,1408,89,1703,8,2084,5,711,18,1314,17
1366,13460,1303,92,1412,100,1713,12,1442,17,1389,87,1715,15,2129,11,674,12,1258,12
1367,13470,1274,109,1297,81,1732,11,1422,16,1315,84,1713,12,2177,4,637,17,1228,14
1368,13480,1313,77,1375,82,1726,14,1439,10,1329,95,1750,8,2202,15,664,19,1198,15
1369,13490,1235,80,1357,76,1710,19,1383,15,1319,95,1696,16,2164,8,608,16,1249,15
1370,13500,1346,78,1319,86,1737,10,1466,18,1328,74,1686,8,2199,9,641,14,1196,12
1371,13510,1290,94,1343,76,1674,13,1361,15,1284,84,1745,11,2157,11,705,13,1222,11
1372,13520,1310,80,1317,89,1689,9,1369,18,1400,84,1677,14,2208,6,706,13,1205,15
1373,13530,1231,75,1298,75,1711,4,1408,20,1259,76,1714,12,2162,9,698,14,1254,13
1374,13540,1215,91,1301,76,1660,6,1412,17,1258,89,1668,13,2098,12,703,14,1213,16
1375,13550,1248,86,1270,90,1639,11,1317,18,1327,102,1625,10,2161,14,640,18,1185,9
1376,13560,1221,86,1372,69,1656,13,1357,21,1323,94,1618,9,2183,9,649,22,1184,15
1377,13570,1231,98,1298,96,1643,13,1417,16,1295,77,1700,10,2147,5,690,15,1241,15
1378,13580,1223,99,1363,72,1702,12,1337,13,1312,76,1638,19,2187,11,651,17,1184,13
1379,13590,1201,86,1357,65,1610,13,1374,26,1295,88,1600,8,2015,10,652,15,1222,13
1380,13600,1241,84,1311,77,1629,10,1435,18,1322,83,1571,6,2046,2,643,9,1211,19
1381,13610,1293,84,1330,73,1641,5,1318,18,1276,83,1685,14,2033,5,660,17,1261,18
1382,13620,1237,93,1261,80,1641,14,1352,21,1336,93,1602,8,2013,6,636,12,1206,11
1383,13630,1224,86,1302,65,1649,8,1311,12,1248,84,1676,10,2069,8,603,13,1181,26
1384,13640,1167,81,1282,87,1685,13,1393,18,1292,97,1612,6,2046,8,679,17,1187,14
1385,13650,1227,75,1246,87,1706,12,1368,16,1332,91,1695,17,2001,9,621,12,1214,17
1386,13660,1243,73,1245,101,1642,10,1306,12,1277,81,1632,8,2081,11,632,22,1152,13
1387,13670,1225,73,1259,86,1583,13,1366,15,1294,89,1606,10,2150,10,681,16,1182,14
1388,13680,1212,70,1255,85,1641,9,1305,11,1283,73,1607,9,1994,13,663,13,1119,14
1389,13690,1208,94,1272,91,1665,16,1277,16,1320,77,1669,10,2044,12,616,7,1207,16
1390,13700,1213,81,1291,79,1652,11,1297,20,1279,72,1571,12,1939,9,616,17,1115,14
1391,13710,1244,82,1302,73,1617,14,1396,21,1297,67,1538,10,2095,6,624,13,1171,13
1392,13720,1175,74,1233,76,1565,11,1373,15,1307,97,1564,7,2018,6,625,14,1156,12
1393,13730,1198,88,1329,76,1712,11,1332,15,1261,73,1567,14,2021,7,643,19,1176,18
1394,13740,1187,87,1281,76,1633,9,1318,16,1209,75,1606,8,1952,5,656,16,1194,15
1395,13750,1180,68,1271,64,1595,10,1316,7,1279,93,1610,10,2059,13,657,19,1147,20
1396,13760,1160,86,1241,91,1523,6,1302,10,1196,71,1646,7,1994,6,622,6,1199,19
1397,13770,1204,72,1239,69,1648,10,1346,23,1260,82,1597,7,2068,9,666,10,1216,23
1398,13780,1170,77,1249,80,1616,7,1384,17,1226,71,1620,12,2000,6,682,18,1168,17
1399,13790,1170,71,1242,76,1565,9,1293,16,1223,76,1616,11,2060,10,628,19,1120,16
1400,13800,1237,71,1313,88,1632,18,1312,6,1261,84,1590,9,1941,9,648,12,1138,13
1401,13810,1203,91,1242,75,1676,8,1336,17,1222,85,1609,13,1957,14,644,19,1151,17
1402,13820,1234,75,1222,86,1632,8,1275,18,1246,88,1560,16,1925,6,642,13,1146,14
1403,13830,1184,69,1237,69,1622,10,1314,19,1256,77,1502,15,2022,8,595,14,1150,17
1404,13840,1159,77,1175,87,1585,10,1341,11,1176,79,1545,6,2004,14,582,15,1114,15
1405,13850,1053,84,1243,73,1543,15,1295,10,1207,81,1576,6,1926,7,630,16,1172,18
1406,13860,1146,80,1224,73,1557,11,1264,20,1194,85,1541,8,2020,3,583,17,1146,13
1407,13870,1194,75,1256,74,1588,9,1332,19,1139,78,1608,11,1918,5,602,16,1117,11
1408,13880,1171,78,1270,82,1554,9,1323,14,1215,63,1518,13,1934,11,626,13,1093,8
1409,13890,1157,78,1255,72,1549,6,1221,14,1174,88,1521,10,1945,7,605,16,1127,6
1410,13900,1166,77,1249,71,1543,10,1224,17,1170,76,1461,10,1941,6,624,10,1164,17
1411,13910,1150,61,1180,65,1561,11,1211,9,1182,75,1540,12,1981,11,613,15,1112,14
1412,13920,1078,73,1189,65,1546,7,1207,9,1254,87,1509,13,1894,6,580,11,1098,11
1413,13930,1119,78,1167,71,1523,3,1192,19,1176,55,1521,8,1927,9,585,13,1122,8
1414,13940,1106,59,1195,73,1550,6,1214,10,1183,81,1525,11,1966,7,561,18,1140,17
1415,13950,1100,68,1168,73,1500,11,1238,11,1146,80,1501,10,1955,10,583,14,1108,16
1416,13960,1144,77,1171,74,1515,7,1163,9,1118,70,1442,3,1918,7,563,12,1088,15
1417,13970,1079,73,1169,70,1497,7,1205,16,1170,82,1448,12,1909,8,568,9,1101,11
1418,13980,1106,66,1130,69,1487,8,1212,17,1123,95,1455,9,1886,7,553,18,1032,14
1419,13990,1050,71,1075,66,1413,6,1202,12,1162,68,1443,2,1843,8,558,15,1090,14
1420,14000,1041,69,1151,68,1568,12,1211,16,1148,68,1453,9,1870,10,552,14,1060,22
1421,14010,1093,80,1108,82,1489,10,1158,14,1113,87,1428,8,1807,5,547,21,1057,10
1422,14020,1075,81,1165,78,1390,5,1206,15,1104,66,1465,6,1833,7,544,15,1010,7
1423,14030,1097,78,1119,72,1468,8,1169,14,1087,82,1444,9,1852,5,521,6,1053,18
1424,14040,1130,68,1121,62,1451,10,1160,15,1112,59,1483,7,1822,8,585,17,1021,13
1425,14050,1068,76,1160,75,1450,11,1147,18,1127,64,1470,9,1845,7,560,9,1027,15
1426,14060,1099,69,1145,65,1476,7,1143,14,1154,73,1392,6,1824,7,580,11,1034,15
1427,14070,1087,62,1153,80,1461,12,1130,17,1135,65,1390,8,1826,9,539,20,1077,12
1428,14080,1055,63,1115,72,1456,10,1141,12,1162,91,1476,7,1786,17,533,13,1029,22
1429,14090,1026,58,1111,65,1414,4,1140,20,1063,77,1385,11,1764,6,514,13,1012,9
1430,14100,1048,76,1086,83,1479,9,1158,8,1034,63,1456,9,1775,12,532,16,1052,11
1431,14110,1030,59,1087,48,1425,9,1189,14,1095,60,1411,8,1751,6,564,19,1001,13
1432,14120,1009,67,1105,68,1403,9,1109,17,1080,70,1402,9,1788,11,576,17,1042,10
1433,14130,1033,82,1049,55,1405,15,1146,15,1110,60,1383,10,1837,6,543,10,1003,12
1434,14140,1058,72,1065,73,1452,7,1124,19,1120,68,1435,9,1737,9,558,11,1057,11
1435,14150,1037,62,1098,76,1399,14,1102,10,1083,74,1409,11,1763,6,542,14,1009,17
1436,14160,1020,76,1077,65,1381,13,1152,12,1066,63,1407,7,1746,10,535,10,990,18
1437,14170,1056,70,1071,70,1348,9,1139,10,1130,66,1397,9,1788,8,558,14,1023,6
1438,14180,973,65,1145,81,1417,8,1146,18,1130,55,1374,10,1723,7,585,10,1032,15
1439,14190,1063,69,1120,62,1415,7,1124,12,1057,62,1330,3,1781,6,529,16,982,16
1440,14200,1027,68,1029,65,1385,11,1135,13,1037,76,1350,10,1752,8,561,14,1051,15
1441,14210,1012,68,1081,76,1390,8,1069,14,1070,72,1370,6,1731,5,548,9,976,11
1442,14220,1010,70,1058,83,1421,9,1080,19,1046,68,1337,7,1634,6,551,10,988,11
1443,14230,1048,80,1068,74,1478,8,1108,22,1145,71,1318,9,1692,8,505,20,1016,19
1444,14240,1075,64,1091,79,1465,11,1218,18,1062,71,1417,10,1728,15,539,14,1031,9
1445,14250,1017,65,1088,77,1409,8,1103,15,1073,75,1430,4,1730,9,562,13,1009,6
1446,14260,1020,69,1098,61,1377,9,1168,13,1035,77,1373,11,1784,10,523,13,1067,11
1447,14270,1018,66,1073,75,1454,5,1208,12,1022,57,1306,7,1802,5,559,11,1019,8
1448,14280,1070,84,1113,78,1539,13,1191,15,1109,71,1406,3,1802,12,539,20,1084,12
1449,14290,1059,78,1136,59,1472,15,1243,16,1131,66,1406,4,1753,3,581,8,1097,8
1450,14300,1129,70,1108,66,1412,11,1235,18,1136,91,1373,14,1790,9,559,11,1103,15
1451,14310,1106,63,1184,78,1398,5,1162,12,1049,69,1401,11,1806,10,568,9,1088,12
1452,14320,1134,76,1111,63,1465,10,1208,9,1149,58,1440,11,1795,6,583,12,1105,18
1453,14330,1149,75,1207,64,1401,8,1220,13,1167,83,1485,6,1818,15,554,14,1038,19
1454,14340,1148,66,1128,77,1556,10,1228,15,1174,76,1401,11,1738,9,558,15,1121,17
1455,14350,1102,77,1212,84,1465,12,1288,15,1135,75,1438,17,1840,7,585,10,1119,15
1456,14360,1192,82,1150,80,1417,12,1258,10,1148,82,1418,11,1859,4,620,17,1137,13
1457,14370,1124,80,1199,73,1497,11,1256,17,1208,86,1495,12,1831,6,559,15,1109,20
1458,14380,1123,82,1180,73,1523,12,1323,11,1195,69,1438,10,1919,11,636,12,1116,15
1459,14390,1161,81,1136,84,1523,5,1371,9,1208,65,1449,5,1834,9,596,11,1131,10
1460,14400,1110,86,1153,80,1569,20,1265,13,1176,72,1496,10,1873,11,591,15,1131,15
1461,14410,1090,92,1165,71,1473,9,1345,17,1237,69,1409,5,1820,12,581,11,1117,11
1462,14420,1162,73,1199,83,1462,10,1288,19,1123,70,1366,8,1738,12,521,10,1068,14
1463,14430,1134,83,1073,88,1475,10,1265,18,1066,80,1457,5,1821,4,538,15,1085,11
1464,14440,1121,89,1108,80,1401,9,1174,11,1227,74,1430,6,1764,10,571,19,1115,12
1465,14450,1022,68,1140,92,1511,9,1231,16,1109,71,1392,7,1773,8,588,20,1120,16
1466,14460,1092,61,1161,61,1449,11,1144,18,1087,70,1340,6,1826,5,608,14,1063,20
1467,14470,1065,77,1135,75,1422,14,1201,14,1067,67,1364,5,1741,6,516,9,1000,11
1468,14480,1065,61,1079,63,1415,9,1143,16,1130,69,1359,9,1698,5,519,10,1037,11
1469,14490,993,55,1024,59,1413,4,1138,15,1070,79,1399,6,1706,10,542,10,1030,14
1470,14500,995,65,1021,84,1300,6,1099,17,1110,73,1336,9,1692,4,576,11,989,6
1471,14510,1072,61,1006,64,1354,11,1144,14,1048,58,1348,7,1641,6,549,8,959,6
1472,14520,994,64,1025,69,1372,12,1067,17,1096,73,1269,9,1647,6,503,15,981,16
1473,14530,941,56,1038,67,1313,9,999,11,948,57,1237,9,1659,7,518,8,905,9
1474,14540,924,67,975,63,1260,13,1065,12,1020,77,1330,9,1670,3,523,10,880,5
1475,14550,901,71,1017,69,1277,7,995,8,909,60,1242,12,1616,7,475,21,880,9
1476,14560,978,59,945,71,1249,13,1047,9,957,63,1224,4,1615,7,542,9,907,12
1477,14570,868,60,1021,59,1311,2,969,14,972,55,1238,5,1556,11,468,9,854,14
1478,14580,913,66,986,70,1284,6,996,13,947,61,1215,6,1538,3,464,15,859,11
1479,14590,913,59,967,55,1298,7,915,8,925,66,1206,10,1545,3,472,14,943,8
1480,14600,958,62,998,58,1242,7,1005,7,949,69,1187,9,1604,0,453,14,927,8
1481,14610,907,65,906,65,1241,7,942,9,980,59,1158,3,1457,6,426,14,852,13
1482,14620,872,66,947,67,1258,5,928,10,925,61,1194,12,1473,8,462,6,841,10
1483,14630,861,57,932,58,1197,13,985,19,968,56,1154,6,1510,7,470,12,861,17
1484,14640,892,73,902,59,1236,3,986,14,950,52,1198,10,1555,2,469,6,919,19
1485,14650,864,62,889,62,1102,8,1008,12,891,67,1148,8,1519,9,432,11,877,8
1486,14660,908,60,945,61,1237,9,943,8,912,46,1142,14,1455,10,474,13,902,4
1487,14670,902,61,925,67,1185,12,977,12,914,49,1201,4,1490,8,453,9,832,12
1488,14680,856,71,877,65,1165,11,1014,5,931,54,1185,6,1558,5,471,12,868,13
1489,14690,849,61,893,49,1253,4,921,9,888,54,1173,8,1525,3,482,16,836,13
1490,14700,905,56,894,50,1241,8,955,9,937,59,1281,8,1482,7,451,10,825,7
1491,14710,876,55,915,52,1205,8,964,12,913,53,1150,6,1526,6,452,15,861,11
1492,14720,883,63,931,62,1204,4,943,13,905,48,1185,6,1471,13,465,4,874,11
1493,14730,826,60,905,64,1225,14,926,12,870,59,1184,5,1519,7,497,14,895,6
1494,14740,888,40,919,61,1200,9,957,14,876,74,1194,6,1490,3,456,10,860,11
1495,14750,854,50,879,60,1212,4,955,17,970,70,1165,10,1400,9,439,10,824,11
1496,14760,840,53,879,54,1212,6,966,11,915,65,1245,3,1501,7,464,10,836,14
1497,14770,888,54,951,64,1188,5,941,12,914,56,1232,7,1487,5,433,7,886,10
1498,14780,919,74,957,65,1241,7,935,9,938,50,1139,6,1519,5,453,6,794,6
1499,14790,866,51,914,64,1157,7,989,14,944,47,1180,9,1541,4,462,10,843,14
1500,14800,907,62,920,79,1250,3,953,12,916,64,1160,7,1494,6,512,11,856,6
1501,14810,908,59,917,58,1218,11,977,10,904,70,1222,13,1562,10,477,12,877,7
1502,14820,860,70,1006,58,1221,9,1029,13,928,58,1204,2,1517,5,438,10,867,10
1503,14830,903,56,994,72,1209,14,969,12,957,61,1181,7,1574,6,460,12,904,15
1504,14840,990,78,935,74,1229,10,1025,12,965,81,1325,11,1500,5,494,11,962,14
1505,14850,982,67,990,49,1232,3,1054,7,1010,71,1184,7,1463,3,522,16,914,12
1506,14860,1058,56,969,43,1245,12,1090,12,1000,61,1227,8,1582,3,489,11,914,9
1507,14870,954,65,1013,59,1250,6,1100,17,980,64,1245,8,1454,11,528,15,967,12
1508,14880,1006,70,1016,61,1329,4,1187,16,1056,65,1246,10,1574,10,566,17,979,11
1509,14890,972,62,1054,72,1240,4,1085,14,1018,65,1271,5,1586,6,549,14,972,6
1510,14900,1074,59,1079,73,1266,12,1180,11,983,69,1297,5,1592,5,512,8,1005,15
1511,14910,1042,71,1075,69,1241,4,1185,13,1062,66,1266,7,1610,8,523,8,1047,16
1512,14920,994,69,1029,63,1285,11,1142,10,1024,73,1247,6,1600,6,514,9,950,9
1513,14930,1075,65,1090,69,1303,8,1120,9,1107,74,1288,11,1564,8,548,13,1010,6
1514,14940,1017,71,1098,62,1208,7,1155,13,1105,62,1321,6,1615,7,501,11,1043,17
1515,14950,1057,68,1061,59,1308,6,1072,10,1062,62,1254,6,1596,5,540,13,996,12
1516,14960,989,75,1053,63,1378,7,1121,6,1019,63,1215,7,1533,7,528,17,989,9
1517,14970,977,57,976,67,1247,9,1132,18,963,67,1231,11,1627,10,491,14,1083,8
1518,14980,942,63,949,69,1246,11,1088,9,1065,72,1203,3,1601,13,511,17,952,7
1519,14990,967,64,954,84,1217,5,1108,12,984,62,1253,7,1528,7,551,11,1014,12
1520,15000,951,49,1001,62,1272,12,1069,18,999,67,1186,9,1564,6,475,13,1003,7
1521,15010,915,66,986,66,1241,9,1022,16,992,64,1177,8,1516,5,494,16,952,10
1522,15020,892,68,976,57,1271,3,1040,9,955,58,1185,12,1519,7,487,11,871,12
1523,15030,925,79,985,66,1177,6,979,14,972,61,1190,7,1455,4,459,8,927,12
1524,15040,894,67,907,62,1180,10,1039,11,923,63,1158,4,1514,2,450,10,901,8
1525,15050,886,63,937,60,1196,7,980,11,1054,51,1151,7,1443,6,444,7,902,13
1526,15060,872,54,962,61,1141,6,997,11,927,66,1094,7,1374,5,458,8,863,16
1527,15070,823,58,949,59,1140,6,941,12,906,58,1114,2,1380,8,427,6,805,8
1528,15080,882,57,927,46,1078,10,907,15,892,57,1090,9,1449,8,430,12,807,12
1529,15090,804,63,901,48,1098,3,927,10,818,54,1069,6,1476,8,452,17,807,12
1530,15100,860,68,864,52,1066,6,927,11,880,71,1108,7,1408,6,419,8,792,11
1531,15110,839,63,885,48,1099,2,906,10,887,48,1007,6,1377,8,465,10,827,10
1532,15120,808,49,872,53,1052,10,845,7,863,60,1071,4,1318,5,437,7,796,10
1533,15130,798,49,801,57,1135,5,883,14,814,47,1079,2,1310,5,436,12,795,6
1534,15140,786,53,819,52,1049,4,882,11,808,52,988,4,1361,7,450,14,750,13
1535,15150,817,41,796,54,1012,7,865,5,864,59,1037,5,1322,4,396,7,812,10
1536,15160,789,57,826,50,1053,4,902,18,869,46,1020,8,1285,3,378,12,776,7
1537,15170,838,48,757,43,1043,4,885,8,829,54,1064,7,1309,5,447,4,798,11
1538,15180,804,44,821,44,1015,5,865,10,770,50,1038,5,1333,4,426,10,778,6
1539,15190,790,53,750,52,1027,5,896,5,820,54,1009,7,1306,6,412,16,806,13
1540,15200,748,45,848,62,1037,8,802,10,829,59,1025,6,1291,2,391,13,781,8
1541,15210,765,50,780,49,1028,8,821,8,811,54,987,5,1215,4,400,11,765,4
1542,15220,747,41,818,58,1026,5,894,11,810,50,1012,4,1251,2,391,6,738,18
1543,15230,789,42,766,40,1022,6,825,10,772,52,956,5,1265,8,372,11,767,9
1544,15240,782,50,729,49,1000,10,857,10,758,54,935,3,1253,4,422,6,731,10
1545,15250,724,51,793,44,981,6,810,9,753,49,981,5,1265,7,407,10,741,8
1546,15260,747,51,782,42,957,9,780,8,759,49,950,3,1261,3,367,10,712,5
1547,15270,725,47,795,62,1018,7,824,11,763,57,910,4,1175,0,357,13,712,9
1548,15280,721,45,763,53,974,5,780,11,724,45,977,4,1214,4,379,13,706,8
1549,15290,708,47,789,49,1001,7,787,9,749,38,963,4,1224,6,391,12,712,14
1550,15300,708,51,799,57,1014,3,804,8,790,46,1016,2,1170,6,375,6,710,4
1551,15310,758,54,772,51,963,8,807,2,804,34,955,8,1191,7,377,9,656,15
1552,15320,710,56,773,39,971,6,783,6,757,59,936,2,1163,4,374,8,668,9
1553,15330,767,39,747,41,1003,3,752,17,720,44,931,5,1182,3,353,10,669,7
1554,15340,717,53,712,46,940,4,747,7,750,32,949,4,1167,4,319,6,653,6
1555,15350,755,39,792,35,930,7,757,13,701,45,958,8,1173,9,322,13,720,13
1556,15360,662,46,691,49,914,4,731,13,740,51,901,5,1156,5,356,12,685,6
1557,15370,716,37,644,34,909,6,765,16,700,50,926,4,1137,1,372,11,668,4
1558,15380,714,38,706,46,973,1,746,17,738,40,879,3,1186,6,393,7,676,11
1559,15390,707,42,720,48,943,2,694,8,684,37,965,1,1084,6,386,8,679,8
1560,15400,671,38,712,51,856,7,731,8,737,57,869,4,1135,5,327,9,640,6
1561,15410,690,35,642,37,894,4,786,6,754,41,913,5,1076,6,350,6,699,9
1562,15420,691,41,729,49,950,4,717,9,737,49,932,3,1172,4,355,7,638,13
1563,15430,682,42,733,42,882,4,797,9,762,44,860,4,1101,4,355,5,683,8
1564,15440,700,45,702,51,941,6,736,11,708,48,887,7,1084,3,348,6,678,10
1565,15450,647,38,690,42,905,9,776,9,630,44,891,6,1037,2,356,8,677,3
1566,15460,650,41,706,40,903,5,797,16,685,43,845,9,1096,4,331,6,652,7
1567,15470,696,39,675,34,892,5,752,12,701,42,916,2,1082,7,348,12,665,4
1568,15480,700,54,640,41,885,4,745,5,719,40,879,1,1090,5,344,13,665,6
1569,15490,663,41,629,40,898,8,670,5,703,37,924,5,1100,4,347,12,654,8
1570,15500,670,52,688,50,901,4,778,4,680,42,850,4,1057,3,313,11,638,10
1571,15510,626,49,693,37,933,3,716,7,705,37,836,6,1102,2,354,11,623,10
1572,15520,701,40,682,43,899,8,780,8,657,46,879,2,1112,3,329,8,640,8
1573,15530,640,45,708,56,927,4,674,10,676,50,914,8,1042,2,360,2,641,9
1574,15540,686,29,727,48,856,3,702,9,673,35,830,5,1137,6,329,6,635,8
1575,15550,642,41,657,48,826,10,745,12,706,45,869,4,1159,4,359,12,627,6
1576,15560,642,45,735,36,879,10,688,7,668,38,801,7,1057,7,355,13,680,8
1577,15570,623,40,683,43,842,5,741,2,713,49,832,3,1092,9,339,10,623,12
1578,15580,613,38,671,46,857,4,742,6,727,49,834,10,1051,6,339,4,648,9
1579,15590,662,39,684,45,856,4,756,14,695,38,902,5,1137,4,367,8,666,9
1580,15600,673,56,679,50,806,5,738,12,652,49,791,8,1097,2,325,9,672,9
1581,15610,691,39,694,35,861,8,714,8,647,42,867,4,1080,4,327,5,657,7
1582,15620,685,43,661,50,882,12,705,9,731,42,820,1,1089,2,317,9,651,6
1583,15630,671,55,682,48,946,6,753,10,729,39,864,8,1111,6,386,13,687,9
1584,15640,690,37,661,51,865,2,712,3,692,52,867,5,1100,3,324,9,605,7
1585,15650,694,47,704,29,920,5,789,3,709,42,800,8,1137,8,355,11,715,6
1586,15660,676,63,749,47,870,7,749,5,709,54,859,7,1140,2,356,7,664,6
1587,15670,708,51,673,41,822,4,748,7,687,35,881,5,1083,4,352,11,629,16
1588,15680,645,42,658,53,914,3,785,4,706,47,815,5,1062,0,363,6,678,14
1589,15690,692,34,689,45,847,2,748,9,730,60,888,6,1110,5,337,10,711,9
1590,15700,700,41,709,44,884,6,679,6,699,41,834,4,1074,7,328,9,659,6
1591,15710,651,44,687,45,855,7,666,9,675,36,856,6,1068,6,380,9,698,12
1592,15720,697,57,679,34,819,4,736,8,706,38,865,5,1062,4,362,6,661,11
1593,15730,659,49,718,46,905,5,756,9,707,39,859,4,1018,6,349,8,615,7
1594,15740,680,32,744,30,864,7,726,7,713,43,855,7,1067,7,351,9,660,11
1595,15750,697,50,695,52,878,5,705,6,730,42,843,4,999,7,375,10,637,7
1596,15760,699,39,673,45,830,6,701,7,681,38,810,6,1106,3,366,7,688,2
1597,15770,663,50,677,41,831,8,720,9,671,50,835,3,1054,6,355,4,651,7
1598,15780,645,55,657,39,807,4,697,8,734,40,821,5,1046,3,321,8,619,7
1599,15790,657,38,665,42,799,4,677,7,670,43,804,3,977,4,316,5,627,5
1600,15800,632,34,681,37,847,4,696,7,629,57,780,1,1077,4,323,5,599,6
1601,15810,590,42,675,44,847,4,681,8,652,57,811,9,980,5,343,15,639,8
1602,15820,626,44,696,43,840,7,636,11,685,48,836,8,1013,6,322,7,592,8
1603,15830,609,38,672,42,868,7,644,7,611,36,772,4,966,4,321,4,621,5
1604,15840,598,56,622,33,805,2,674,4,647,38,840,8,1017,5,333,9,621,8
1605,15850,581,59,581,39,819,5,627,8,624,46,786,5,951,7,325,10,637,4
1606,15860,616,44,636,43,833,4,628,5,629,50,808,0,962,1,327,9,577,7
1607,15870,604,34,620,29,787,6,641,9,625,34,740,7,1046,4,298,4,589,7
1608,15880,592,41,599,45,775,5,644,8,628,38,768,3,1015,4,280,10,557,9
1609,15890,553,29,592,36,756,7,681,9,645,39,696,5,958,6,296,5,550,6
1610,15900,587,35,581,32,741,4,583,6,621,47,777,9,948,4,279,13,510,8
1611,15910,525,42,568,32,805,6,662,8,633,43,729,1,1014,7,288,12,586,4
1612,15920,581,37,621,43,788,3,646,8,594,40,716,4,984,6,297,8,560,6
1613,15930,578,38,595,34,737,10,638,8,641,34,786,3,959,2,281,6,573,6
1614,15940,620,43,564,38,738,5,570,11,597,43,710,6,911,5,294,7,601,2
1615,15950,560,28,585,20,760,1,594,7,585,44,714,9,917,6,292,12,526,5
1616,15960,522,40,561,29,770,5,597,7,573,34,712,4,955,4,325,3,558,8
1617,15970,512,44,532,36,728,2,545,6,603,33,727,4,954,2,298,5,553,8
1618,15980,549,40,578,35,771,5,600,8,570,43,717,5,918,4,286,9,529,3
1619,15990,532,34,579,33,738,3,636,4,555,38,697,2,903,1,295,8,553,2
1620,16000,538,33,593,28,702,2,582,7,580,31,647,5,940,7,271,10,593,3
1621,16010,518,47,546,34,713,1,593,10,585,36,678,2,916,2,282,7,532,5
1622,16020,504,47,591,24,714,3,600,9,530,43,700,5,868,5,274,8,542,8
1623,16030,507,33,527,34,750,3,561,5,551,47,692,6,804,4,272,4,535,7
1624,16040,506,35,539,20,704,5,554,6,571,35,720,5,913,4,259,4,543,11
1625,16050,491,43,557,28,728,10,599,7,573,36,716,2,882,4,269,5,541,5
1626,16060,530,33,555,34,733,8,567,6,539,32,746,3,831,2,254,15,505,7
1627,16070,490,38,525,31,734,3,550,8,524,42,718,2,916,3,250,6,549,6
1628,16080,507,35,562,37,676,4,607,7,575,27,698,3,875,4,259,5,521,4
1629,16090,492,32,565,37,718,2,585,7,553,49,670,3,904,3,259,6,497,10
1630,16100,547,33,559,32,717,3,546,5,521,36,705,3,844,4,294,5,524,8
1631,16110,536,35,528,38,693,1,590,7,555,33,691,8,891,3,259,10,515,7
1632,16120,537,33,502,34,686,5,540,5,534,34,674,3,832,2,279,6,522,6
1633,16130,498,31,541,38,689,6,583,9,540,29,659,4,852,3,265,4,507,4
1634,16140,541,31,536,31,670,5,545,1,526,38,677,5,813,7,285,5,499,12
1635,16150,511,27,543,28,741,3,561,5,535,29,655,3,794,2,248,7,502,5
1636,16160,483,37,562,36,691,3,518,7,515,36,697,3,882,3,271,5,513,8
1637,16170,512,30,512,33,679,5,591,10,530,30,658,3,838,4,263,7,488,3
1638,16180,485,28,528,34,669,6,556,6,516,37,695,6,813,4,218,8,479,5
1639,16190,501,34,491,34,705,4,587,6,556,31,637,5,856,3,315,7,539,6
1640,16200,482,35,548,38,673,6,558,7,542,33,633,5,823,4,254,5,503,5
1641,16210,441,28,520,33,595,2,582,6,494,37,651,7,856,4,220,6,472,3
1642,16220,518,47,489,26,663,3,530,3,513,38,636,2,859,4,279,7,479,7
1643,16230,495,37,530,24,653,2,547,7,520,35,649,5,803,3,246,12,490,7
1644,16240,510,33,493,26,650,3,564,10,574,24,646,3,801,2,277,5,469,7
1645,16250,530,37,533,35,699,3,571,5,499,27,629,3,783,3,237,4,483,5
1646,16260,500,27,530,28,654,5,531,5,461,25,637,2,809,4,257,9,499,7
1647,16270,461,29,505,39,694,3,523,4,511,32,652,4,855,4,254,9,500,5
1648,16280,480,27,508,37,619,2,544,11,497,33,645,1,775,3,238,7,452,4
1649,16290,444,32,469,22,651,4,516,4,490,34,669,4,791,3,257,7,481,3
1650,16300,481,27,501,36,612,3,524,8,469,37,597,7,771,3,266,10,498,4
1651,16310,498,41,509,31,595,8,513,8,518,36,648,6,746,4,257,2,472,8
1652,16320,470,44,536,35,627,2,529,5,522,42,647,4,776,6,252,6,484,7
1653,16330,488,41,515,32,633,1,493,7,469,37,619,2,825,2,223,3,515,2
1654,16340,502,34,477,36,633,6,554,6,497,32,611,9,761,1,226,7,484,8
1655,16350,505,37,508,45,611,3,508,8,491,25,630,2,792,1,230,11,447,2
1656,16360,453,39,519,34,601,5,492,8,497,33,604,1,759,3,235,5,412,4
1657,16370,469,44,476,27,639,4,522,7,487,37,588,5,802,1,267,3,455,8
1658,16380,471,25,488,27,634,5,489,2,468,38,635,5,804,3,246,8,447,6
1659,16390,465,33,497,30,630,2,477,5,501,20,613,2,811,2,244,6,459,3
1660,16400,446,20,505,31,607,3,495,5,522,35,636,4,775,3,228,6,433,4
1661,16410,500,37,499,37,609,4,507,4,538,30,617,5,735,3,217,1,463,2
1662,16420,415,30,477,37,599,4,490,5,485,35,600,4,774,7,244,5,494,3
1663,16430,498,22,489,28,597,4,521,10,490,30,569,2,793,3,227,8,459,6
1664,16440,437,22,496,36,558,2,496,8,535,33,601,3,701,4,261,2,422,3
1665,16450,469,32,463,30,624,1,493,7,482,26,606,2,807,6,219,7,463,9
1666,16460,419,33,443,26,569,4,492,8,496,31,595,8,768,0,249,2,394,6
1667,16470,444,35,452,33,614,2,501,7,433,38,585,8,741,1,261,6,450,3
1668,16480,444,23,472,34,635,2,479,3,470,26,576,8,752,4,236,6,432,5
1669,16490,468,29,464,24,579,2,459,6,458,29,595,5,778,4,218,9,453,11
1670,16500,445,24,429,30,594,3,479,4,438,28,582,4,709,3,224,9,430,9
1671,16510,447,34,484,27,639,3,478,2,497,30,564,0,716,1,224,6,460,1
1672,16520,421,32,470,33,636,3,518,1,465,28,609,6,749,3,241,6,413,2
1673,16530,444,19,485,44,559,7,491,9,482,30,573,3,743,2,228,14,431,3
1674,16540,444,33,459,39,583,1,460,6,463,29,587,1,795,1,230,5,483,0
1675,16550,475,30,474,37,552,4,496,2,487,39,605,1,773,0,250,13,487,9
1676,16560,381,25,455,32,568,4,480,4,470,23,566,1,743,2,248,7,425,5
1677,16570,443,27,432,27,578,1,464,5,470,40,569,1,727,6,211,6,467,4
1678,16580,421,22,426,33,593,2,492,7,430,30,584,5,702,0,231,7,431,5
1679,16590,429,34,455,27,621,3,472,4,413,27,585,2,689,7,238,8,425,4
1680,16600,401,27,471,31,545,3,459,3,464,21,582,2,735,3,264,3,418,2
1681,16610,451,22,422,32,585,2,467,0,390,29,560,6,736,4,228,3,451,5
1682,16620,391,23,463,32,582,4,482,7,470,30,540,4,663,3,227,5,455,5
1683,16630,418,27,448,30,547,5,480,7,461,40,537,2,746,1,200,7,406,4
1684,16640,377,30,399,32,551,2,401,4,451,26,588,6,729,2,206,6,397,6
1685,16650,431,26,471,18,571,3,495,5,434,29,560,3,703,1,224,4,389,8
1686,16660,441,25,438,24,546,2,516,5,450,20,572,7,689,3,236,10,415,8
1687,16670,458,31,457,24,542,2,436,3,462,28,524,0,715,2,207,7,448,10
1688,16680,397,20,428,29,534,3,460,3,435,26,534,2,652,1,212,4,387,7
1689,16690,393,28,425,24,561,2,426,7,476,22,545,2,633,2,216,4,408,9
1690,16700,419,30,459,21,539,3,458,4,470,32,566,3,685,5,228,5,406,4
1691,16710,456,24,438,23,557,4,440,5,438,15,551,6,693,6,217,3,421,3
1692,16720,408,21,407,31,562,7,444,5,435,37,562,4,681,3,218,10,359,3
1693,16730,428,27,403,32,529,2,424,4,435,27,511,1,699,5,219,4,402,7
1694,16740,398,29,401,26,522,2,458,6,434,32,507,0,661,2,217,1,415,7
1695,16750,383,22,435,28,531,5,451,5,428,25,533,1,641,4,187,4,410,7
1696,16760,403,22,408,30,539,4,444,2,420,29,500,1,639,3,218,6,392,4
1697,16770,391,24,415,28,519,4,449,9,422,27,454,3,688,3,183,4,406,6
1698,16780,407,27,421,28,523,1,401,8,387,26,515,3,650,0,198,4,393,4
1699,16790,374,14,402,19,511,2,444,6,402,23,492,3,645,0,198,3,406,5
1700,16800,388,25,440,31,564,1,438,6,454,23,515,2,628,2,196,7,369,2
1701,16810,425,24,414,12,520,5,437,2,458,34,490,3,603,2,192,5,379,6
1702,16820,396,22,376,23,498,0,440,4,354,23,495,6,646,4,212,3,371,10
1703,16830,404,28,475,21,511,6,410,2,389,25,500,6,642,3,195,3,384,4
1704,16840,362,25,432,27,492,2,451,4,399,30,498,5,635,4,199,8,367,1
1705,16850,414,20,357,18,523,7,411,3,408,32,502,3,660,2,206,8,348,3
1706,16860,353,27,414,25,472,5,413,5,404,17,510,6,658,6,181,7,397,6
1707,16870,374,35,395,22,514,2,408,2,386,16,503,6,631,4,201,6,371,5
1708,16880,357,21,450,28,512,6,413,4,419,29,513,6,639,2,202,4,352,5
1709,16890,379,20,392,30,509,4,394,4,380,29,494,3,635,3,191,7,399,7
1710,16900,413,30,396,18,490,7,391,5,400,30,471,1,632,3,181,6,389,5
1711,16910,366,25,355,21,483,2,391,4,380,33,443,5,585,6,195,7,344,3
1712,16920,328,36,392,18,497,1,401,4,389,22,473,5,589,2,170,3,329,6
1713,16930,372,28,383,28,498,2,384,3,387,24,449,4,597,4,186,4,385,5
1714,16940,358,20,419,16,488,4,423,5,364,19,480,0,580,1,177,5,370,3
1715,16950,375,28,378,27,458,1,368,4,420,27,511,1,613,3,166,4,348,6
1716,16960,384,27,372,23,455,3,402,3,355,22,472,0,579,0,184,7,344,5
1717,16970,360,22,387,31,445,1,379,3,399,21,464,1,549,2,185,5,368,7
1718,16980,383,23,416,21,518,3,356,5,383,16,457,3,613,2,179,2,372,5
1719,16990,340,32,372,22,478,3,424,4,381,19,494,2,544,2,172,4,335,7
1720,17000,376,23,372,20,463,3,417,6,410,23,484,2,557,2,174,2,351,8
1721,17010,353,20,373,27,459,2,398,7,387,23,497,3,607,6,196,2,360,5
1722,17020,350,28,372,18,462,3,379,4,341,33,449,3,565,3,180,5,361,3
1723,17030,364,22,383,20,470,2,399,4,354,36,482,2,560,2,195,3,349,3
1724,17040,326,22,391,22,424,2,375,4,321,22,472,3,609,1,166,5,345,7
1725,17050,362,16,355,23,440,1,379,1,354,29,449,3,575,3,180,4,355,5
1726,17060,364,23,370,16,512,2,382,3,360,22,454,2,574,1,151,9,372,0
1727,17070,369,19,365,29,471,1,383,6,368,23,473,2,564,1,197,2,343,4
1728,17080,345,20,386,22,448,1,416,7,384,26,440,1,529,5,179,4,356,5
1729,17090,345,27,363,20,421,2,379,1,373,25,441,0,591,1,177,2,314,8
1730,17100,343,22,349,26,462,1,351,7,331,16,473,0,582,0,187,4,328,5
1731,17110,361,17,318,22,469,2,348,4,352,20,469,2,547,2,197,5,316,4
1732,17120,349,27,362,21,436,0,381,4,326,26,433,2,548,3,167,6,327,5
1733,17130,372,32,342,26,434,3,338,5,330,21,433,3,532,1,193,2,306,1
1734,17140,281,26,350,14,427,4,382,4,351,19,420,3,524,2,172,5,345,1
1735,17150,324,18,349,24,434,0,380,3,325,21,422,2,541,1,165,4,332,4
1736,17160,325,21,340,24,429,5,374,6,341,27,429,4,534,2,180,1,323,3
1737,17170,321,29,338,14,408,1,398,6,344,18,443,1,527,0,171,4,340,6
1738,17180,330,25,333,19,408,7,340,8,359,23,437,2,515,3,174,8,314,5
1739,17190,320,21,339,18,464,2,358,7,332,27,388,1,556,1,203,5,327,5
1740,17200,299,21,348,21,431,2,341,6,340,25,435,0,559,2,167,6,313,5
1741,17210,319,21,337,22,451,3,303,7,355,17,445,2,551,1,183,4,303,3
1742,17220,318,22,323,20,447,0,350,5,333,29,404,4,546,1,161,3,316,2
1743,17230,299,26,380,20,447,5,330,7,366,20,388,3,495,1,159,1,302,6
1744,17240,314,21,332,14,432,2,327,3,325,19,386,4,545,4,181,6,322,6
1745,17250,314,25,333,24,411,3,357,4,360,34,407,1,507,1,188,3,325,4
1746,17260,323,28,337,16,430,0,347,2,323,23,441,0,513,1,181,7,296,2
1747,17270,318,21,321,21,435,0,355,6,324,10,398,7,500,1,169,9,315,3
1748,17280,291,25,354,24,428,5,324,10,334,16,418,5,508,1,176,5,327,2
1749,17290,308,26,308,23,429,1,342,3,337,20,406,1,536,0,176,7,329,3
1750,17300,293,23,316,19,447,4,341,6,341,22,418,3,459,0,169,7,266,10
1751,17310,282,27,320,26,433,2,329,6,339,20,383,4,439,2,135,2,292,3
1752,17320,287,23,315,20,419,0,335,1,298,20,401,3,482,0,160,3,264,3
1753,17330,302,29,327,16,407,3,347,3,333,28,358,3,514,4,158,3,310,5
1754,17340,299,19,339,19,368,4,322,2,321,21,373,1,518,3,155,3,325,4
1755,17350,259,13,312,25,404,2,365,5,287,27,421,2,484,0,153,9,298,1
1756,17360,280,16,295,14,427,3,322,0,340,20,375,2,502,3,144,1,302,4
1757,17370,316,18,306,18,428,5,303,3,318,21,379,5,514,5,151,4,273,5
1758,17380,285,20,332,25,386,1,339,4,307,20,394,1,512,4,166,4,280,4
1759,17390,272,19,324,24,380,0,312,7,328,15,361,1,504,2,168,7,283,2
1760,17400,310,28,316,23,404,3,328,8,298,20,403,2,509,1,165,1,297,0
1761,17410,304,21,326,20,383,2,315,2,320,20,363,0,504,2,163,4,308,2
1762,17420,305,19,318,14,371,0,305,3,327,11,371,2,488,2,148,2,271,1
1763,17430,294,20,304,24,385,5,288,4,307,16,368,8,437,2,139,2,262,2
1764,17440,272,12,304,17,388,1,312,2,302,24,392,2,509,2,159,2,293,6
1765,17450,338,12,297,24,397,1,276,2,314,23,357,3,499,2,134,0,283,3
1766,17460,272,17,266,22,362,1,319,6,339,19,353,4,492,1,146,1,263,6
1767,17470,271,24,288,16,369,1,309,5,323,21,365,1,452,0,143,3,289,2
1768,17480,324,16,271,20,341,3,312,1,273,17,362,1,446,2,142,4,267,3
1769,17490,259,19,329,19,359,6,313,7,307,19,406,0,474,0,141,8,277,1
1770,17500,259,14,270,15,388,4,294,2,266,19,374,3,462,1,158,7,270,1
1771,17510,271,15,268,22,369,5,298,4,295,28,355,2,434,2,136,4,251,2
1772,17520,289,14,286,12,400,5,283,4,290,26,342,3,441,1,146,3,280,3
1773,17530,273,22,255,15,356,2,289,1,269,16,343,2,414,3,162,1,271,1
1774,17540,250,13,292,19,376,3,267,1,319,22,340,3,456,1,132,2,259,4
1775,17550,285,19,294,17,329,2,283,4,297,20,333,2,477,0,149,5,291,3
1776,17560,283,17,252,18,372,1,320,0,277,16,342,0,486,0,141,1,266,4
1777,17570,270,20,292,19,361,3,306,5,269,24,321,2,417,1,123,7,247,3
1778,17580,250,18,256,15,351,0,308,5,273,17,355,2,477,1,149,3,293,2
1779,17590,279,18,250,15,368,1,266,2,276,24,354,0,391,1,123,4,261,0
1780,17600,277,22,273,19,375,3,268,7,283,18,363,3,407,1,137,5,252,3
1781,17610,239,12,268,16,329,0,260,4,261,17,363,4,410,4,152,6,274,3
1782,17620,260,14,266,16,366,2,290,3,277,16,365,2,453,1,135,1,246,4
1783,17630,251,18,304,13,346,6,272,4,245,16,339,0,394,1,138,5,238,3
1784,17640,264,11,257,9,333,0,288,6,290,24,354,6,426,2,131,2,250,5
1785,17650,255,12,249,15,334,3,261,1,292,18,323,1,445,2,125,4,233,3
1786,17660,268,13,269,13,300,1,267,4,260,20,328,2,413,3,118,4,240,0
1787,17670,240,18,271,19,351,1,291,2,257,17,334,1,419,0,139,3,251,4
1788,17680,272,19,272,17,325,3,273,3,256,11,358,2,420,4,139,6,260,3
1789,17690,228,14,237,29,335,2,242,2,263,16,306,1,400,4,127,8,222,0
1790,17700,244,19,266,18,308,4,264,1,251,13,345,1,421,4,121,0,252,4
1791,17710,223,22,233,13,336,1,233,9,252,18,316,1,423,4,112,5,250,2
1792,17720,255,13,239,12,332,6,241,3,288,16,321,3,419,2,137,2,249,3
1793,17730,229,14,246,13,327,4,269,6,228,16,306,3,395,0,129,3,229,3
1794,17740,249,19,285,21,324,1,263,3,250,20,353,2,464,1,131,0,244,2
1795,17750,267,15,249,16,325,1,259,0,238,17,330,3,413,1,118,6,248,6
1796,17760,248,22,260,21,328,0,246,3,269,14,319,4,355,2,119,2,258,3
1797,17770,233,9,256,11,332,2,287,1,248,20,326,0,369,1,117,7,277,4
1798,17780,239,10,263,20,303,2,260,1,265,24,275,1,401,1,127,2,284,0
1799,17790,250,18,234,13,314,0,271,0,237,14,305,1,371,2,113,4,205,5
1800,17800,248,20,242,14,291,2,236,4,235,21,305,3,366,4,134,1,232,3
1801,17810,213,12,245,16,327,1,253,2,252,16,294,1,379,4,126,2,244,1
1802,17820,234,12,262,13,304,1,246,2,254,12,330,0,389,2,132,3,259,0
1803,17830,261,19,263,9,304,2,247,4,226,18,291,1,361,2,137,1,223,1
1804,17840,210,16,251,16,316,2,260,2,240,17,294,0,429,0,139,2,225,1
1805,17850,247,17,221,17,308,0,261,0,264,13,300,0,364,1,111,6,232,3
1806,17860,256,20,248,14,299,3,245,5,253,18,294,1,357,1,107,1,221,1
1807,17870,200,18,226,19,297,3,268,2,243,15,309,4,410,2,110,4,235,1
1808,17880,205,8,249,18,268,1,279,4,266,14,304,1,374,0,114,2,228,2
1809,17890,214,21,248,16,280,0,265,2,243,17,300,0,338,3,109,3,223,2
1810,17900,205,18,241,15,269,2,260,1,233,16,297,2,352,2,135,3,214,1
1811,17910,230,11,229,16,297,3,246,2,237,22,237,0,370,2,103,4,205,4
1812,17920,243,19,215,14,270,3,243,0,250,13,283,3,389,1,107,5,212,1
1813,17930,219,20,254,10,286,2,217,2,235,14,274,2,352,0,103,2,202,1
1814,17940,235,10,204,14,311,0,223,2,249,19,282,2,328,1,129,2,227,3
1815,17950,228,12,212,13,288,2,275,3,248,11,286,0,351,1,114,2,201,2
1816,17960,180,13,212,17,287,2,216,1,224,14,264,2,343,2,99,4,227,3
1817,17970,217,16,273,22,282,2,236,0,232,12,298,1,355,0,109,5,212,5
1818,17980,204,18,204,18,264,1,228,4,225,16,266,3,353,2,107,1,179,3
1819,17990,207,9,212,14,286,1,235,1,226,14,278,5,355,2,114,4,221,5
1820,18000,207,15,206,20,292,1,218,3,214,15,290,1,312,1,115,2,222,2
1821,18010,235,14,197,7,271,0,216,2,247,17,275,3,335,1,111,1,202,4
1822,18020,201,15,232,11,227,3,255,6,255,19,272,3,340,0,101,1,211,2
1823,18030,207,20,217,15,284,1,231,3,228,16,252,1,335,2,108,0,248,3
1824,18040,222,16,199,16,273,1,197,6,251,11,251,4,335,1,93,3,199,1
1825,18050,205,16,217,13,278,0,238,3,234,8,255,2,318,1,115,2,200,4
1826,18060,181,19,203,12,271,1,229,4,191,21,240,0,358,1,97,0,195,2
1827,18070,207,12,213,12,262,1,208,1,210,18,283,2,325,3,106,3,159,2
1828,18080,201,15,205,13,271,4,217,0,210,13,263,0,310,1,106,1,200,3
1829,18090,200,15,195,11,292,3,211,2,221,13,242,1,346,1,103,5,197,1
1830,18100,202,16,202,10,274,1,215,0,220,16,239,3,304,1,106,4,181,1
1831,18110,190,13,198,21,223,1,216,1,216,13,262,1,336,1,86,1,212,4
1832,18120,203,9,211,18,276,3,240,1,214,17,255,1,312,2,112,2,194,0
1833,18130,175,11,215,8,255,0,221,2,214,12,251,1,310,2,124,4,177,0
1834,18140,203,15,225,14,243,0,234,3,216,20,239,2,318,4,97,1,189,3
1835,18150,207,19,214,11,297,1,221,3,172,9,283,2,303,0,102,3,187,5
1836,18160,206,13,169,17,225,0,205,5,190,13,225,0,298,3,100,5,185,2
1837,18170,200,10,193,19,249,1,211,4,191,9,237,0,302,1,90,8,194,3
1838,18180,227,6,183,11,247,1,207,1,201,17,234,1,323,2,92,3,177,0
1839,18190,184,17,195,14,274,1,192,3,192,10,250,2,313,0,112,2,188,2
1840,18200,206,9,182,9,248,0,173,1,201,16,267,2,296,1,88,1,194,1
1841,18210,175,8,194,16,225,2,213,5,200,17,243,0,301,2,115,1,169,2
1842,18220,178,6,184,13,216,1,203,3,174,14,219,0,286,0,89,5,191,1
1843,18230,176,17,186,17,253,2,198,1,207,14,247,1,309,0,88,4,184,0
1844,18240,161,15,198,12,270,1,196,4,183,9,257,3,298,0,99,1,173,4
1845,18250,181,15,204,7,267,0,177,1,173,12,223,4,319,2,82,6,161,4
1846,18260,163,9,189,14,245,0,196,1,193,11,247,1,289,0,84,1,201,1
1847,18270,179,13,214,21,236,1,214,4,180,12,224,4,304,1,99,0,172,2
1848,18280,164,10,171,8,224,0,181,1,171,13,231,1,283,2,104,4,185,3
1849,18290,173,12,185,12,236,5,190,3,231,10,203,1,282,0,97,3,182,1
1850,18300,162,17,189,7,219,0,196,0,177,12,229,2,285,3,83,1,182,1
1851,18310,157,12,184,16,224,2,193,2,160,14,202,1,271,0,98,3,163,1
1852,18320,178,7,209,13,184,0,173,1,157,17,232,0,284,4,65,3,173,0
1853,18330,149,11,169,11,211,0,180,3,202,7,216,2,297,1,95,4,161,0
1854,18340,172,10,189,15,238,1,169,0,201,9,225,2,318,0,85,3,174,3
1855,18350,192,13,172,11,202,1,206,0,183,11,209,2,267,2,99,2,163,2
1856,18360,181,7,175,18,215,2,195,0,171,12,205,2,287,0,108,1,142,2
1857,18370,155,10,186,9,230,2,167,2,179,11,210,3,238,3,79,2,160,3
1858,18380,154,12,174,10,224,1,189,2,169,11,207,0,295,0,80,1,143,3
1859,18390,162,9,168,11,232,1,170,3,171,11,220,1,271,1,98,1,143,1
1860,18400,150,11,171,8,252,0,184,2,175,13,209,1,269,0,83,2,129,3
1861,18410,173,13,168,9,201,0,153,3,185,7,202,1,267,1,94,1,162,2
1862,18420,179,2,164,11,170,1,169,3,193,9,232,1,280,0,97,3,150,1
1863,18430,176,6,175,11,208,0,155,2,167,13,218,0,273,2,82,0,147,2
1864,18440,138,11,171,7,189,0,175,0,167,13,227,4,277,0,86,3,150,2
1865,18450,160,11,143,10,213,2,155,1,154,12,216,0,273,2,90,0,166,3
1866,18460,145,7,151,10,200,3,189,1,196,9,215,0,240,0,93,1,161,3
1867,18470,152,11,156,11,190,0,174,1,149,9,232,3,250,2,100,4,148,3
1868,18480,138,12,143,11,184,0,182,2,143,6,203,0,239,1,67,0,125,1
1869,18490,166,8,180,11,197,3,167,3,177,9,192,1,271,0,81,2,163,2
1870,18500,147,2,159,13,197,0,174,3,150,16,201,1,253,1,84,3,150,2
1871,18510,145,12,137,14,199,2,164,1,157,12,207,1,286,1,72,2,158,1
1872,18520,146,9,158,11,195,0,150,2,152,15,162,0,235,3,78,1,161,1
1873,18530,137,9,133,13,197,3,171,1,163,10,198,2,220,0,77,2,120,1
1874,18540,132,11,128,11,180,1,161,0,165,6,213,3,268,2,87,1,145,0
1875,18550,147,11,140,11,204,2,163,1,138,13,211,1,219,1,75,3,131,2
1876,18560,134,12,149,7,205,2,145,3,178,10,189,2,200,2,72,0,147,2
1877,18570,156,8,140,10,196,0,143,2,171,7,178,0,232,1,81,1,144,3
1878,18580,132,8,157,6,203,2,155,1,146,10,195,0,228,3,76,3,167,4
1879,18590,153,11,157,19,181,0,147,3,168,6,186,1,238,1,79,1,144,1
1880,18600,139,7,150,10,203,1,136,1,156,14,182,1,241,0,66,2,169,0
1881,18610,131,9,189,2,172,1,176,4,130,12,191,1,238,1,64,0,133,4
1882,18620,147,7,148,7,194,1,168,1,129,12,175,5,243,3,64,4,153,2
1883,18630,138,14,134,7,161,1,169,3,166,6,182,2,225,0,80,2,150,0
1884,18640,126,12,134,12,177,0,136,0,131,12,166,0,217,1,62,2,157,1
1885,18650,141,8,148,10,203,2,168,0,139,6,189,0,208,1,75,1,128,1
1886,18660,137,10,137,7,181,3,149,1,148,6,174,0,234,0,74,0,121,2
1887,18670,135,7,149,9,174,1,151,2,137,11,175,1,232,0,67,1,145,6
1888,18680,135,4,142,5,187,0,140,6,147,12,186,0,220,1,56,0,142,3
1889,18690,150,4,125,9,161,1,139,1,156,6,168,3,202,0,72,2,124,2
1890,18700,135,13,136,11,178,1,146,0,157,9,140,4,217,1,62,2,121,0
1891,18710,132,8,119,8,158,1,133,4,145,14,198,0,230,1,72,0,143,0
1892,18720,115,10,137,9,167,0,149,2,147,9,145,0,210,2,70,1,150,2
1893,18730,123,8,145,7,174,0,155,2,156,4,164,1,232,4,62,2,110,0
1894,18740,107,7,133,5,158,1,129,1,132,10,164,1,221,1,56,0,140,2
1895,18750,132,10,152,7,141,1,136,2,138,7,157,0,213,0,43,2,114,3
1896,18760,125,7,130,7,154,0,113,2,132,4,154,3,219,1,65,0,118,1
1897,18770,140,7,137,9,171,1,135,2,140,11,147,0,201,1,63,0,135,0
1898,18780,123,9,140,12,155,1,137,4,125,10,156,1,178,0,59,2,106,2
1899,18790,119,9,128,7,173,1,103,1,127,10,146,0,207,0,61,2,130,0
1900,18800,133,9,125,6,168,0,132,1,124,9,153,1,207,0,69,1,97,0
1901,18810,114,6,119,10,158,2,129,3,136,9,130,0,173,2,54,1,136,2
1902,18820,112,9,141,9,141,1,109,3,106,7,141,1,181,3,74,3,124,1
1903,18830,105,12,125,5,152,2,128,0,149,7,166,1,202,1,53,1,121,1
1904,18840,115,8,103,5,147,1,119,0,127,7,147,0,179,1,53,1,127,0
1905,18850,107,9,128,13,168,0,123,0,109,5,173,4,186,1,73,2,121,1
1906,18860,120,9,116,7,131,1,129,5,129,7,142,2,184,0,56,2,104,2
1907,18870,105,7,125,10,148,0,123,0,120,11,148,1,189,1,56,0,131,4
1908,18880,111,6,115,11,157,0,121,0,114,8,136,0,190,0,69,1,132,0
1909,18890,107,13,135,7,160,0,122,0,104,6,163,0,181,1,52,2,96,0
1910,18900,109,9,124,8,128,1,137,1,138,8,129,1,184,0,49,1,109,1
1911,18910,110,6,127,4,150,1,139,1,128,9,158,1,160,0,62,0,106,0
1912,18920,122,4,108,6,123,0,123,2,119,4,152,2,179,1,50,1,125,0
1913,18930,100,4,110,1,138,0,109,0,113,4,127,0,202,1,47,2,92,2
1914,18940,106,11,108,10,129,0,108,0,123,4,148,0,164,2,68,1,112,1
1915,18950,102,9,111,7,136,2,123,1,105,5,145,2,184,0,62,1,105,2
1916,18960,106,9,118,6,130,2,118,0,124,2,129,1,173,1,56,2,96,3
1917,18970,95,8,102,4,157,0,126,2,103,4,163,1,193,0,54,1,103,2
1918,18980,113,5,111,8,154,0,111,3,116,5,139,1,185,0,54,1,116,4
1919,18990,111,8,94,9,139,0,120,0,121,10,131,1,168,2,52,0,89,1
1920,19000,113,9,106,7,131,1,114,1,116,7,111,0,153,0,51,1,103,1
1921,19010,99,10,97,6,122,2,99,1,119,4,145,0,164,2,47,2,111,1
1922,19020,110,7,109,8,144,0,137,1,102,8,131,1,156,2,45,3,97,0
1923,19030,102,6,81,8,136,0,115,2,81,9,122,0,174,3,57,1,115,1
1924,19040,98,8,91,8,127,0,109,0,100,11,128,0,159,1,56,2,89,2
1925,19050,102,9,103,4,127,0,93,0,116,5,102,0,157,1,52,0,90,0
1926,19060,88,4,85,2,117,0,114,0,96,4,126,2,170,0,54,1,111,0
1927,19070,98,8,109,5,117,1,101,0,122,7,115,0,150,0,44,1,85,0
1928,19080,83,6,88,7,140,1,108,0,106,10,112,0,153,0,49,0,90,0
1929,19090,102,4,110,5,122,1,113,0,100,9,110,1,141,0,49,2,91,0
1930,19100,93,7,114,9,119,2,108,1,92,5,124,0,172,0,50,2,104,2
1931,19110,81,6,97,7,110,1,81,4,110,7,131,0,162,0,57,3,98,3
1932,19120,101,6,95,2,130,0,115,2,106,10,123,0,135,0,52,0,76,0
1933,19130,96,7,87,4,126,0,105,0,94,10,135,2,166,3,42,0,82,0
1934,19140,99,6,70,6,110,0,101,3,103,4,110,2,153,2,61,2,89,0
1935,19150,82,5,93,5,105,0,104,2,104,7,109,0,144,0,33,1,82,2
1936,19160,93,8,96,6,125,1,85,2,101,7,101,2,122,1,34,1,92,1
1937,19170,82,6,92,5,117,2,96,1,102,3,109,2,142,2,44,2,85,2
1938,19180,77,7,104,3,105,0,103,1,74,8,107,0,147,1,47,2,77,0
1939,19190,103,9,95,5,100,0,96,1,96,9,110,1,147,1,46,2,82,1
1940,19200,74,2,103,9,90,1,93,1,114,6,106,0,147,0,48,3,105,1
1941,19210,92,4,84,5,108,2,98,1,80,5,121,0,135,0,40,0,80,3
1942,19220,74,11,91,8,95,3,89,3,91,7,117,2,114,0,42,0,88,0
1943,19230,82,6,81,4,106,0,102,3,84,6,110,0,155,1,25,3,62,0
1944,19240,71,2,76,4,114,1,78,1,79,2,94,0,141,0,48,0,76,1
1945,19250,69,5,84,9,116,1,89,5,88,8,108,0,129,4,35,2,83,3
1946,19260,72,4,87,5,123,0,83,0,87,11,112,1,141,1,51,2,78,0
1947,19270,87,5,88,3,105,0,78,0,78,3,92,1,100,0,39,2,74,1
1948,19280,79,8,78,6,105,0,85,1,75,5,85,0,122,0,45,3,73,0
1949,19290,74,5,73,6,88,2,72,1,76,5,86,1,110,0,31,3,75,0
1950,19300,76,11,97,3,88,0,89,1,93,7,94,0,131,2,40,1,77,0
1951,19310,76,5,80,10,108,0,75,1,70,4,99,0,114,0,28,0,81,2
1952,19320,66,3,88,3,94,0,73,0,81,0,97,0,123,2,35,1,71,1
1953,19330,96,6,80,4,102,1,88,1,75,7,97,1,119,0,32,0,78,0
1954,19340,80,3,77,5,104,1,86,1,75,5,94,0,118,1,40,2,65,1
1955,19350,85,3,93,9,79,0,78,2,86,6,99,1,131,0,51,3,70,1
1956,19360,68,5,78,4,89,0,81,1,66,8,82,0,105,0,43,1,79,0
1957,19370,76,5,62,7,73,0,83,2,72,3,73,1,108,1,35,0,61,2
1958,19380,62,4,79,5,85,1,82,2,73,8,91,2,117,2,39,0,43,2
1959,19390,74,5,66,3,78,0,82,1,75,3,101,0,107,2,22,2,79,0
1960,19400,72,6,78,2,80,0,63,2,73,4,87,1,108,0,34,1,58,1
1961,19410,67,1,81,10,86,0,75,0,57,2,105,0,95,0,28,0,62,3
1962,19420,65,7,62,1,85,1,85,0,80,5,75,0,99,0,31,0,64,5
1963,19430,71,6,75,2,87,0,60,0,68,5,93,0,84,0,38,0,66,1
1964,19440,78,4,79,6,91,1,80,1,74,6,90,1,105,0,40,0,71,0
1965,19450,64,5,61,5,82,0,74,0,64,3,79,0,101,0,36,0,64,0
1966,19460,72,4,73,7,72,0,70,1,65,3,89,0,82,0,26,2,61,1
1967,19470,56,5,65,3,68,0,70,0,67,5,71,0,93,0,38,1,55,0
1968,19480,64,3,64,4,80,0,65,0,79,6,78,0,107,0,35,1,63,0
1969,19490,52,5,66,4,80,1,60,0,56,4,75,0,106,1,38,0,49,0
1970,19500,45,3,72,7,80,1,80,3,55,6,66,1,99,0,27,0,45,1
1971,19510,50,5,60,1,72,0,60,1,44,5,72,0,106,0,38,0,55,0
1972,19520,61,3,54,2,72,0,51,0,63,6,82,0,83,0,27,1,47,1
1973,19530,65,1,52,8,64,0,56,0,59,2,79,1,108,0,34,1,72,1
1974,19540,61,1,58,5,79,1,55,0,66,4,78,0,91,0,26,0,59,0
1975,19550,69,8,57,8,70,0,53,0,57,2,87,1,83,0,26,4,62,0
1976,19560,59,1,64,5,68,2,53,0,48,3,66,0,95,0,31,3,58,1
1977,19570,59,2,48,4,81,0,50,0,54,5,75,1,100,0,32,0,57,1
1978,19580,51,3,66,3,67,2,65,0,52,1,59,1,81,0,35,0,55,0
1979,19590,45,3,75,3,86,0,52,1,59,2,84,0,90,0,28,1,58,0
1980,19600,46,3,48,3,63,0,58,0,46,3,62,0,84,1,16,0,53,3
1981,19610,46,4,48,1,72,0,73,0,51,2,59,0,69,0,24,1,60,1
1982,19620,55,4,53,1,75,0,52,0,59,2,62,0,86,0,22,2,46,2
1983,19630,59,5,68,3,64,0,38,1,39,5,62,2,82,1,26,0,54,2
1984,19640,65,4,43,3,84,0,61,2,51,2,64,0,69,0,26,0,49,1
1985,19650,42,4,45,4,67,0,53,0,43,2,67,0,83,0,28,0,46,0
1986,19660,44,4,42,1,57,0,39,1,58,2,52,1,90,0,21,1,37,1
1987,19670,51,2,55,3,56,0,57,3,50,2,60,0,78,0,29,2,38,2
1988,19680,50,2,53,2,56,1,59,0,37,7,50,0,68,0,23,1,51,1
1989,19690,48,2,51,3,38,0,63,0,58,2,46,0,74,0,20,2,42,3
1990,19700,34,0,55,3,58,1,45,1,41,4,54,0,69,0,32,0,35,0
1991,19710,39,4,51,1,65,0,28,2,37,5,63,0,74,0,21,0,34,1
1992,19720,54,2,42,1,56,0,36,0,36,1,51,0,64,0,28,0,37,0
1993,19730,45,0,40,2,53,0,49,0,27,1,51,1,56,0,19,1,46,3
1994,19740,51,2,38,1,56,0,47,0,39,2,66,0,62,1,29,1,34,0
1995,19750,39,2,48,4,46,0,39,1,52,3,48,0,56,0,28,1,41,0
1996,19760,51,4,33,1,50,0,45,0,58,4,55,0,61,0,24,0,32,1
1997,19770,30,2,43,0,40,1,50,2,37,2,45,0,62,1,18,1,38,0
1998,19780,51,2,41,1,37,0,44,0,29,4,47,0,70,1,20,0,30,1
1999,19790,37,2,39,2,40,0,41,0,33,2,48,0,54,0,21,2,27,0
2000,19800,37,5,40,1,44,0,40,1,41,4,42,0,60,1,21,0,28,1
2001,19810,36,2,38,1,30,0,27,1,43,1,32,0,45,0,16,0,22,0
2002,19820,27,2,38,1,44,0,22,3,40,3,44,0,61,1,21,0,45,0
2003,19830,36,1,44,2,24,0,40,0,41,0,32,0,54,0,16,1,37,1
2004,19840,35,1,31,4,30,1,38,0,29,2,36,0,45,0,6,0,32,1
2005,19850,37,4,30,4,44,0,41,1,35,0,31,1,48,0,17,0,29,0
2006,19860,28,1,36,2,44,0,31,1,31,8,35,0,44,0,17,0,34,0
2007,19870,35,2,37,2,46,0,29,0,29,2,30,0,47,0,15,0,31,0
2008,19880,27,2,40,4,37,1,29,0,21,2,32,0,48,0,19,0,36,1
2009,19890,41,2,23,0,39,0,31,0,22,1,39,0,46,0,16,0,29,0
2010,19900,28,2,31,0,31,0,27,0,29,4,36,0,43,0,15,0,35,0
2011,19910,25,1,26,4,39,0,37,0,37,1,42,0,42,0,10,0,27,0
2012,19920,30,4,25,2,37,1,33,1,32,3,39,0,36,0,10,0,24,0
2013,19930,21,1,32,0,38,0,40,1,20,2,31,1,50,0,9,0,41,0
2014,19940,28,3,23,2,30,0,20,1,21,2,30,0,43,1,16,0,28,0
2015,19950,25,2,27,0,31,0,25,0,33,2,31,0,39,0,8,0,23,0
2016,19960,22,0,26,1,27,0,21,0,22,1,28,0,29,0,10,0,33,0
2017,19970,25,1,22,1,41,0,27,0,22,4,25,1,36,0,22,0,23,0
2018,19980,20,1,17,1,23,0,25,0,30,0,35,0,31,1,15,1,28,0
2019,19990,19,2,30,0,45,0,37,1,23,2,39,0,36,0,12,0,30,0
2020,20000,21,2,28,1,30,0,34,1,24,2,25,0,26,1,9,1,28,0
2021,20010,22,2,19,0,27,0,22,0,21,1,25,0,33,0,7,1,18,0
2022,20020,29,0,24,1,25,0,27,0,22,1,22,0,24,0,12,0,27,0
2023,20030,22,2,13,1,30,0,32,0,21,2,24,0,34,0,4,0,18,0
2024,20040,23,0,22,2,24,0,23,1,23,0,18,0,32,0,12,0,33,0
2025,20050,20,0,26,2,21,0,20,0,25,1,30,0,32,0,13,0,21,0
2026,20060,22,2,22,1,20,0,16,3,19,3,26,0,19,0,13,0,9,1
2027,20070,14,1,25,0,31,0,24,0,21,1,35,0,36,0,10,0,28,0
2028,20080,25,0,27,1,23,0,19,0,21,1,27,0,36,0,12,0,18,0
2029,20090,22,2,23,3,26,0,25,1,24,1,27,0,30,0,9,0,24,0
2030,20100,17,1,23,0,24,0,25,0,13,0,23,0,28,1,5,1,17,0
2031,20110,19,2,23,0,23,0,19,0,23,3,34,0,28,0,12,0,15,0
2032,20120,25,1,17,1,26,0,18,0,16,1,31,0,36,0,4,0,23,0
2033,20130,20,0,22,3,30,0,20,0,18,0,18,0,30,0,8,0,19,0
2034,20140,17,1,18,1,20,0,17,0,18,2,17,1,30,0,7,2,21,0
2035,20150,21,1,22,1,28,0,19,0,16,1,18,0,31,0,12,0,27,1
2036,20160,20,1,21,1,21,0,17,0,17,0,26,1,22,1,13,0,16,1
2037,20170,16,2,16,1,15,0,21,0,19,1,28,0,24,0,12,0,19,0
2038,20180,19,4,15,2,20,0,22,1,13,1,17,0,21,0,11,0,17,0
2039,20190,12,2,20,4,16,0,23,0,25,0,23,0,23,1,5,0,13,0
2040,20200,21,0,25,0,23,0,24,0,22,0,25,1,30,0,5,0,18,1
2041,20210,21,0,18,2,25,0,24,1,15,2,23,0,40,0,11,1,20,0
2042,20220,21,4,18,0,22,0,16,2,18,1,14,0,26,0,9,0,23,0
2043,20230,19,1,15,1,17,0,19,0,6,2,18,0,24,0,8,0,23,0
2044,20240,14,0,19,1,21,0,23,1,21,1,27,0,16,0,10,0,23,3
2045,20250,20,1,23,0,26,1,18,0,19,0,17,0,26,0,6,1,16,0
2046,20260,23,1,20,1,20,0,14,0,10,2,14,0,30,0,7,0,23,0
2047,20270,9,1,18,0,10,0,24,0,16,1,21,0,27,1,7,0,33,0
